"id_log";"usuario";"data"
"1";"1";"2018-08-22 22:08:00"
"2";"1";"2018-08-22 22:08:00"
"3";"1";"2018-08-22 22:08:00"
"4";"1";"2018-08-22 22:08:00"
"5";"1";"2018-08-22 23:08:00"
"6";"4";"2018-08-23 13:08:00"
"7";"4";"2018-08-23 14:08:00"
"8";"4";"2018-08-23 14:08:00"
"9";"4";"2018-08-23 14:08:00"
"10";"4";"2018-08-23 14:08:00"
"11";"4";"2018-08-23 14:08:00"
"12";"4";"2018-08-23 14:08:00"
"13";"4";"2018-08-23 14:08:00"
"14";"4";"2018-08-23 14:08:00"
"15";"4";"2018-08-23 14:08:00"
"16";"4";"2018-08-23 14:08:00"
"17";"4";"2018-08-23 14:08:00"
"18";"4";"2018-08-23 14:08:00"
"19";"4";"2018-08-23 14:08:00"
"20";"4";"2018-08-23 16:08:00"
"21";"4";"2018-08-23 16:08:00"
"22";"4";"2018-08-23 16:08:00"
"23";"4";"2018-08-23 16:08:00"
"24";"4";"2018-08-23 18:08:00"
"25";"1";"2018-08-23 19:08:00"
"26";"1";"2018-08-23 19:08:00"
"27";"1";"2018-08-23 19:08:00"
"28";"1";"2018-08-23 19:08:00"
"29";"1";"2018-08-23 20:08:00"
"30";"3";"2018-08-24 12:08:00"
"31";"3";"2018-08-24 12:08:00"
"32";"3";"2018-08-24 12:08:00"
"33";"3";"2018-08-24 12:08:00"
"34";"3";"2018-08-24 12:08:00"
"35";"3";"2018-08-24 12:08:00"
"36";"3";"2018-08-24 12:08:00"
"37";"3";"2018-08-24 12:08:00"
"38";"3";"2018-08-24 12:08:00"
"39";"3";"2018-08-24 12:08:00"
"40";"3";"2018-08-24 12:08:00"
"41";"3";"2018-08-24 12:08:00"
"42";"3";"2018-08-24 12:08:00"
"43";"3";"2018-08-24 12:08:00"
"44";"3";"2018-08-24 12:08:00"
"45";"3";"2018-08-24 12:08:00"
"46";"3";"2018-08-24 12:08:00"
"47";"3";"2018-08-24 12:08:00"
"48";"3";"2018-08-24 12:08:00"
"49";"3";"2018-08-24 12:08:00"
"50";"3";"2018-08-24 12:08:00"
"51";"3";"2018-08-24 12:08:00"
"52";"3";"2018-08-24 12:08:00"
"53";"3";"2018-08-24 12:08:00"
"54";"3";"2018-08-24 12:08:00"
"55";"3";"2018-08-24 12:08:00"
"56";"3";"2018-08-24 12:08:00"
"57";"3";"2018-08-24 12:08:00"
"58";"3";"2018-08-24 12:08:00"
"59";"3";"2018-08-24 12:08:00"
"60";"3";"2018-08-24 12:08:00"
"61";"3";"2018-08-24 12:08:00"
"62";"3";"2018-08-24 12:08:00"
"63";"3";"2018-08-24 12:08:00"
"64";"3";"2018-08-24 12:08:00"
"65";"4";"2018-08-24 13:08:00"
"66";"4";"2018-08-24 13:08:00"
"67";"4";"2018-08-24 13:08:00"
"68";"3";"2018-08-24 13:08:00"
"69";"3";"2018-08-24 13:08:00"
"70";"3";"2018-08-24 13:08:00"
"71";"3";"2018-08-24 13:08:00"
"72";"3";"2018-08-24 13:08:00"
"73";"3";"2018-08-24 13:08:00"
"74";"3";"2018-08-24 13:08:00"
"75";"3";"2018-08-24 13:08:00"
"76";"3";"2018-08-24 13:08:00"
"77";"3";"2018-08-24 13:08:00"
"78";"3";"2018-08-24 13:08:00"
"79";"4";"2018-08-24 13:08:00"
"80";"3";"2018-08-24 13:08:00"
"81";"3";"2018-08-24 13:08:00"
"82";"3";"2018-08-24 13:08:00"
"83";"3";"2018-08-24 13:08:00"
"84";"3";"2018-08-24 13:08:00"
"85";"3";"2018-08-24 13:08:00"
"86";"3";"2018-08-24 13:08:00"
"87";"3";"2018-08-24 13:08:00"
"88";"3";"2018-08-24 13:08:00"
"89";"3";"2018-08-24 13:08:00"
"90";"3";"2018-08-24 13:08:00"
"91";"3";"2018-08-24 13:08:00"
"92";"3";"2018-08-24 13:08:00"
"93";"3";"2018-08-24 13:08:00"
"94";"3";"2018-08-24 13:08:00"
"95";"3";"2018-08-24 13:08:00"
"96";"3";"2018-08-24 13:08:00"
"97";"3";"2018-08-24 13:08:00"
"98";"3";"2018-08-24 13:08:00"
"99";"3";"2018-08-24 13:08:00"
"100";"3";"2018-08-24 13:08:00"
"101";"3";"2018-08-24 13:08:00"
"102";"3";"2018-08-24 13:08:00"
"103";"3";"2018-08-24 13:08:00"
"104";"3";"2018-08-24 13:08:00"
"105";"3";"2018-08-24 13:08:00"
"106";"3";"2018-08-24 13:08:00"
"107";"3";"2018-08-24 13:08:00"
"108";"3";"2018-08-24 13:08:00"
"109";"3";"2018-08-24 13:08:00"
"110";"3";"2018-08-24 13:08:00"
"111";"3";"2018-08-24 13:08:00"
"112";"3";"2018-08-24 13:08:00"
"113";"3";"2018-08-24 13:08:00"
"114";"3";"2018-08-24 13:08:00"
"115";"3";"2018-08-24 13:08:00"
"116";"3";"2018-08-24 14:08:00"
"117";"3";"2018-08-24 14:08:00"
"118";"3";"2018-08-24 14:08:00"
"119";"3";"2018-08-24 14:08:00"
"120";"3";"2018-08-24 14:08:00"
"121";"3";"2018-08-24 14:08:00"
"122";"3";"2018-08-24 14:08:00"
"123";"3";"2018-08-24 14:08:00"
"124";"3";"2018-08-24 14:08:00"
"125";"3";"2018-08-24 14:08:00"
"126";"3";"2018-08-24 14:08:00"
"127";"3";"2018-08-24 14:08:00"
"128";"3";"2018-08-24 14:08:00"
"129";"3";"2018-08-24 14:08:00"
"130";"3";"2018-08-24 14:08:00"
"131";"3";"2018-08-24 14:08:00"
"132";"3";"2018-08-24 14:08:00"
"133";"3";"2018-08-24 14:08:00"
"134";"3";"2018-08-24 14:08:00"
"135";"3";"2018-08-24 14:08:00"
"136";"3";"2018-08-24 14:08:00"
"137";"3";"2018-08-24 14:08:00"
"138";"3";"2018-08-24 14:08:00"
"139";"3";"2018-08-24 14:08:00"
"140";"3";"2018-08-24 14:08:00"
"141";"3";"2018-08-24 14:08:00"
"142";"3";"2018-08-24 14:08:00"
"143";"3";"2018-08-24 14:08:00"
"144";"3";"2018-08-24 14:08:00"
"145";"3";"2018-08-24 14:08:00"
"146";"3";"2018-08-24 14:08:00"
"147";"3";"2018-08-24 14:08:00"
"148";"3";"2018-08-24 14:08:00"
"149";"3";"2018-08-24 14:08:00"
"150";"3";"2018-08-24 14:08:00"
"151";"3";"2018-08-24 14:08:00"
"152";"3";"2018-08-24 14:08:00"
"153";"3";"2018-08-24 14:08:00"
"154";"3";"2018-08-24 14:08:00"
"155";"3";"2018-08-24 14:08:00"
"156";"3";"2018-08-24 14:08:00"
"157";"3";"2018-08-24 14:08:00"
"158";"3";"2018-08-24 14:08:00"
"159";"3";"2018-08-24 14:08:00"
"160";"3";"2018-08-24 14:08:00"
"161";"3";"2018-08-24 14:08:00"
"162";"3";"2018-08-24 14:08:00"
"163";"3";"2018-08-24 14:08:00"
"164";"3";"2018-08-24 14:08:00"
"165";"3";"2018-08-24 14:08:00"
"166";"3";"2018-08-24 14:08:00"
"167";"3";"2018-08-24 14:08:00"
"168";"3";"2018-08-24 14:08:00"
"169";"3";"2018-08-24 14:08:00"
"170";"3";"2018-08-24 14:08:00"
"171";"3";"2018-08-24 14:08:00"
"172";"3";"2018-08-24 14:08:00"
"173";"3";"2018-08-24 14:08:00"
"174";"3";"2018-08-24 14:08:00"
"175";"3";"2018-08-24 14:08:00"
"176";"3";"2018-08-24 14:08:00"
"177";"3";"2018-08-24 14:08:00"
"178";"3";"2018-08-24 14:08:00"
"179";"3";"2018-08-24 14:08:00"
"180";"3";"2018-08-24 14:08:00"
"181";"3";"2018-08-24 14:08:00"
"182";"3";"2018-08-24 14:08:00"
"183";"3";"2018-08-24 14:08:00"
"184";"3";"2018-08-24 14:08:00"
"185";"3";"2018-08-24 14:08:00"
"186";"3";"2018-08-24 14:08:00"
"187";"3";"2018-08-24 14:08:00"
"188";"3";"2018-08-24 14:08:00"
"189";"4";"2018-08-24 14:08:00"
"190";"3";"2018-08-24 15:08:00"
"191";"3";"2018-08-24 15:08:00"
"192";"3";"2018-08-24 15:08:00"
"193";"3";"2018-08-24 15:08:00"
"194";"3";"2018-08-24 15:08:00"
"195";"3";"2018-08-24 15:08:00"
"196";"3";"2018-08-24 15:08:00"
"197";"3";"2018-08-24 15:08:00"
"198";"3";"2018-08-24 15:08:00"
"199";"3";"2018-08-24 15:08:00"
"200";"3";"2018-08-24 15:08:00"
"201";"3";"2018-08-24 15:08:00"
"202";"3";"2018-08-24 15:08:00"
"203";"3";"2018-08-24 15:08:00"
"204";"3";"2018-08-24 15:08:00"
"205";"3";"2018-08-24 15:08:00"
"206";"3";"2018-08-24 15:08:00"
"207";"3";"2018-08-24 15:08:00"
"208";"3";"2018-08-24 15:08:00"
"209";"3";"2018-08-24 15:08:00"
"210";"3";"2018-08-24 15:08:00"
"211";"3";"2018-08-24 15:08:00"
"212";"3";"2018-08-24 15:08:00"
"213";"3";"2018-08-24 15:08:00"
"214";"3";"2018-08-24 15:08:00"
"215";"3";"2018-08-24 15:08:00"
"216";"3";"2018-08-24 15:08:00"
"217";"3";"2018-08-24 15:08:00"
"218";"3";"2018-08-24 15:08:00"
"219";"3";"2018-08-24 15:08:00"
"220";"3";"2018-08-24 15:08:00"
"221";"3";"2018-08-24 15:08:00"
"222";"3";"2018-08-24 15:08:00"
"223";"3";"2018-08-24 15:08:00"
"224";"3";"2018-08-24 15:08:00"
"225";"3";"2018-08-24 15:08:00"
"226";"3";"2018-08-24 15:08:00"
"227";"3";"2018-08-24 15:08:00"
"228";"3";"2018-08-24 15:08:00"
"229";"3";"2018-08-24 15:08:00"
"230";"3";"2018-08-24 15:08:00"
"231";"3";"2018-08-24 15:08:00"
"232";"3";"2018-08-24 15:08:00"
"233";"3";"2018-08-24 15:08:00"
"234";"3";"2018-08-24 15:08:00"
"235";"3";"2018-08-24 15:08:00"
"236";"3";"2018-08-24 15:08:00"
"237";"3";"2018-08-24 15:08:00"
"238";"3";"2018-08-24 15:08:00"
"239";"3";"2018-08-24 16:08:00"
"240";"3";"2018-08-24 16:08:00"
"241";"3";"2018-08-24 16:08:00"
"242";"3";"2018-08-24 16:08:00"
"243";"3";"2018-08-24 16:08:00"
"244";"3";"2018-08-24 16:08:00"
"245";"3";"2018-08-24 16:08:00"
"246";"3";"2018-08-24 16:08:00"
"247";"3";"2018-08-24 16:08:00"
"248";"3";"2018-08-24 16:08:00"
"249";"3";"2018-08-24 16:08:00"
"250";"3";"2018-08-24 16:08:00"
"251";"3";"2018-08-24 16:08:00"
"252";"3";"2018-08-24 16:08:00"
"253";"3";"2018-08-24 16:08:00"
"254";"3";"2018-08-24 16:08:00"
"255";"3";"2018-08-24 16:08:00"
"256";"3";"2018-08-24 16:08:00"
"257";"3";"2018-08-24 16:08:00"
"258";"3";"2018-08-24 16:08:00"
"259";"3";"2018-08-24 16:08:00"
"260";"3";"2018-08-24 16:08:00"
"261";"3";"2018-08-24 16:08:00"
"262";"3";"2018-08-24 16:08:00"
"263";"3";"2018-08-24 16:08:00"
"264";"3";"2018-08-24 16:08:00"
"265";"3";"2018-08-24 16:08:00"
"266";"3";"2018-08-24 16:08:00"
"267";"3";"2018-08-24 16:08:00"
"268";"3";"2018-08-24 16:08:00"
"269";"3";"2018-08-24 16:08:00"
"270";"3";"2018-08-24 16:08:00"
"271";"3";"2018-08-24 16:08:00"
"272";"3";"2018-08-24 16:08:00"
"273";"3";"2018-08-24 16:08:00"
"274";"3";"2018-08-24 16:08:00"
"275";"3";"2018-08-24 16:08:00"
"276";"3";"2018-08-24 16:08:00"
"277";"3";"2018-08-24 16:08:00"
"278";"3";"2018-08-24 16:08:00"
"279";"3";"2018-08-24 16:08:00"
"280";"3";"2018-08-24 16:08:00"
"281";"3";"2018-08-24 16:08:00"
"282";"3";"2018-08-24 16:08:00"
"283";"3";"2018-08-24 16:08:00"
"284";"3";"2018-08-24 16:08:00"
"285";"3";"2018-08-24 16:08:00"
"286";"3";"2018-08-24 16:08:00"
"287";"3";"2018-08-24 16:08:00"
"288";"3";"2018-08-24 16:08:00"
"289";"3";"2018-08-24 16:08:00"
"290";"3";"2018-08-24 16:08:00"
"291";"3";"2018-08-24 16:08:00"
"292";"3";"2018-08-24 16:08:00"
"293";"3";"2018-08-24 16:08:00"
"294";"3";"2018-08-24 16:08:00"
"295";"3";"2018-08-24 16:08:00"
"296";"3";"2018-08-24 16:08:00"
"297";"3";"2018-08-24 16:08:00"
"298";"3";"2018-08-24 16:08:00"
"299";"3";"2018-08-24 16:08:00"
"300";"3";"2018-08-24 16:08:00"
"301";"3";"2018-08-24 16:08:00"
"302";"3";"2018-08-24 16:08:00"
"303";"3";"2018-08-24 16:08:00"
"304";"3";"2018-08-24 16:08:00"
"305";"3";"2018-08-24 16:08:00"
"306";"3";"2018-08-24 16:08:00"
"307";"3";"2018-08-24 16:08:00"
"308";"3";"2018-08-24 16:08:00"
"309";"3";"2018-08-24 16:08:00"
"310";"3";"2018-08-24 16:08:00"
"311";"3";"2018-08-24 16:08:00"
"312";"3";"2018-08-24 16:08:00"
"313";"3";"2018-08-24 16:08:00"
"314";"3";"2018-08-24 16:08:00"
"315";"3";"2018-08-24 16:08:00"
"316";"3";"2018-08-24 16:08:00"
"317";"3";"2018-08-24 16:08:00"
"318";"3";"2018-08-24 16:08:00"
"319";"3";"2018-08-24 16:08:00"
"320";"3";"2018-08-24 16:08:00"
"321";"3";"2018-08-24 16:08:00"
"322";"3";"2018-08-24 16:08:00"
"323";"3";"2018-08-24 16:08:00"
"324";"3";"2018-08-24 16:08:00"
"325";"3";"2018-08-24 16:08:00"
"326";"3";"2018-08-24 16:08:00"
"327";"3";"2018-08-24 16:08:00"
"328";"3";"2018-08-24 16:08:00"
"329";"3";"2018-08-24 16:08:00"
"330";"3";"2018-08-24 16:08:00"
"331";"3";"2018-08-24 16:08:00"
"332";"3";"2018-08-24 16:08:00"
"333";"3";"2018-08-24 16:08:00"
"334";"3";"2018-08-24 16:08:00"
"335";"3";"2018-08-24 16:08:00"
"336";"3";"2018-08-24 16:08:00"
"337";"3";"2018-08-24 16:08:00"
"338";"3";"2018-08-24 17:08:00"
"339";"4";"2018-08-24 18:08:00"
"340";"4";"2018-08-25 09:08:00"
"341";"4";"2018-08-25 10:08:00"
"342";"4";"2018-08-25 10:08:00"
"343";"4";"2018-08-25 10:08:00"
"344";"4";"2018-08-25 10:08:00"
"345";"4";"2018-08-25 14:08:00"
"346";"4";"2018-08-25 14:08:00"
"347";"4";"2018-08-25 14:08:00"
"348";"4";"2018-08-25 14:08:00"
"349";"4";"2018-08-25 14:08:00"
"350";"4";"2018-08-25 14:08:00"
"351";"4";"2018-08-25 16:08:00"
"352";"4";"2018-08-25 16:08:00"
"353";"4";"2018-08-25 16:08:00"
"354";"4";"2018-08-25 16:08:00"
"355";"4";"2018-08-25 16:08:00"
"356";"4";"2018-08-25 17:08:00"
"357";"4";"2018-08-25 17:08:00"
"358";"4";"2018-08-25 17:08:00"
"359";"4";"2018-08-25 17:08:00"
"360";"4";"2018-08-25 17:08:00"
"361";"4";"2018-08-25 17:08:00"
"362";"4";"2018-08-25 17:08:00"
"363";"4";"2018-08-25 17:08:00"
"364";"4";"2018-08-25 17:08:00"
"365";"4";"2018-08-25 17:08:00"
"366";"3";"2018-08-27 12:08:00"
"367";"3";"2018-08-27 12:08:00"
"368";"3";"2018-08-27 12:08:00"
"369";"3";"2018-08-27 12:08:00"
"370";"3";"2018-08-27 12:08:00"
"371";"3";"2018-08-27 12:08:00"
"372";"3";"2018-08-27 12:08:00"
"373";"3";"2018-08-27 12:08:00"
"374";"3";"2018-08-27 12:08:00"
"375";"3";"2018-08-27 12:08:00"
"376";"3";"2018-08-27 12:08:00"
"377";"3";"2018-08-27 12:08:00"
"378";"3";"2018-08-27 12:08:00"
"379";"3";"2018-08-27 12:08:00"
"380";"3";"2018-08-27 12:08:00"
"381";"3";"2018-08-27 12:08:00"
"382";"3";"2018-08-27 12:08:00"
"383";"3";"2018-08-27 12:08:00"
"384";"3";"2018-08-27 12:08:00"
"385";"3";"2018-08-27 13:08:00"
"386";"3";"2018-08-27 13:08:00"
"387";"3";"2018-08-27 13:08:00"
"388";"3";"2018-08-27 13:08:00"
"389";"3";"2018-08-27 14:08:00"
"390";"3";"2018-08-27 14:08:00"
"391";"3";"2018-08-27 14:08:00"
"392";"3";"2018-08-27 14:08:00"
"393";"3";"2018-08-27 14:08:00"
"394";"3";"2018-08-27 14:08:00"
"395";"3";"2018-08-27 14:08:00"
"396";"3";"2018-08-27 14:08:00"
"397";"3";"2018-08-27 14:08:00"
"398";"3";"2018-08-27 14:08:00"
"399";"3";"2018-08-27 14:08:00"
"400";"3";"2018-08-27 14:08:00"
"401";"3";"2018-08-27 14:08:00"
"402";"3";"2018-08-27 14:08:00"
"403";"3";"2018-08-27 14:08:00"
"404";"3";"2018-08-27 14:08:00"
"405";"3";"2018-08-27 14:08:00"
"406";"3";"2018-08-27 14:08:00"
"407";"3";"2018-08-27 14:08:00"
"408";"3";"2018-08-27 14:08:00"
"409";"3";"2018-08-27 14:08:00"
"410";"4";"2018-08-27 16:08:00"
"411";"4";"2018-08-27 16:08:00"
"412";"4";"2018-08-27 16:08:00"
"413";"4";"2018-08-27 16:08:00"
"414";"4";"2018-08-27 16:08:00"
"415";"4";"2018-08-27 16:08:00"
"416";"4";"2018-08-27 16:08:00"
"417";"4";"2018-08-27 16:08:00"
"418";"4";"2018-08-27 16:08:00"
"419";"4";"2018-08-27 17:08:00"
"420";"4";"2018-08-27 17:08:00"
"421";"4";"2018-08-27 17:08:00"
"422";"4";"2018-08-27 17:08:00"
"423";"4";"2018-08-27 17:08:00"
"424";"4";"2018-08-27 17:08:00"
"425";"4";"2018-08-27 17:08:00"
"426";"4";"2018-08-27 17:08:00"
"427";"3";"2018-08-27 17:08:00"
"428";"3";"2018-08-27 17:08:00"
"429";"3";"2018-08-27 17:08:00"
"430";"3";"2018-08-27 17:08:00"
"431";"3";"2018-08-27 17:08:00"
"432";"3";"2018-08-27 17:08:00"
"433";"3";"2018-08-27 17:08:00"
"434";"3";"2018-08-27 17:08:00"
"435";"3";"2018-08-27 17:08:00"
"436";"3";"2018-08-27 17:08:00"
"437";"3";"2018-08-27 17:08:00"
"438";"3";"2018-08-27 17:08:00"
"439";"3";"2018-08-27 17:08:00"
"440";"3";"2018-08-27 17:08:00"
"441";"3";"2018-08-27 17:08:00"
"442";"4";"2018-08-27 18:08:00"
"443";"4";"2018-08-27 18:08:00"
"444";"4";"2018-08-27 18:08:00"
"445";"4";"2018-08-27 18:08:00"
"446";"4";"2018-08-27 18:08:00"
"447";"4";"2018-08-27 18:08:00"
"448";"4";"2018-08-28 13:08:00"
"449";"4";"2018-08-28 13:08:00"
"450";"4";"2018-08-28 13:08:00"
"451";"4";"2018-08-28 13:08:00"
"452";"4";"2018-08-28 13:08:00"
"453";"4";"2018-08-28 13:08:00"
"454";"4";"2018-08-28 13:08:00"
"455";"4";"2018-08-28 13:08:00"
"456";"4";"2018-08-28 13:08:00"
"457";"4";"2018-08-28 13:08:00"
"458";"4";"2018-08-28 13:08:00"
"459";"4";"2018-08-28 13:08:00"
"460";"4";"2018-08-28 13:08:00"
"461";"4";"2018-08-28 13:08:00"
"462";"4";"2018-08-28 13:08:00"
"463";"4";"2018-08-28 13:08:00"
"464";"4";"2018-08-28 13:08:00"
"465";"4";"2018-08-28 13:08:00"
"466";"4";"2018-08-28 13:08:00"
"467";"4";"2018-08-28 13:08:00"
"468";"4";"2018-08-28 13:08:00"
"469";"3";"2018-08-28 15:08:00"
"470";"3";"2018-08-28 15:08:00"
"471";"3";"2018-08-28 15:08:00"
"472";"3";"2018-08-28 15:08:00"
"473";"3";"2018-08-28 15:08:00"
"474";"3";"2018-08-28 15:08:00"
"475";"3";"2018-08-28 15:08:00"
"476";"4";"2018-08-28 16:08:00"
"477";"4";"2018-08-28 16:08:00"
"478";"4";"2018-08-28 17:08:00"
"479";"4";"2018-08-28 17:08:00"
"480";"4";"2018-08-28 17:08:00"
"481";"4";"2018-08-28 17:08:00"
"482";"4";"2018-08-28 17:08:00"
"483";"4";"2018-08-28 17:08:00"
"484";"4";"2018-08-28 17:08:00"
"485";"4";"2018-08-28 17:08:00"
"486";"4";"2018-08-28 17:08:00"
"487";"4";"2018-08-28 17:08:00"
"488";"4";"2018-08-28 17:08:00"
"489";"4";"2018-08-28 17:08:00"
"490";"4";"2018-08-28 17:08:00"
"491";"4";"2018-08-28 17:08:00"
"492";"4";"2018-08-28 17:08:00"
"493";"4";"2018-08-28 17:08:00"
"494";"4";"2018-08-28 17:08:00"
"495";"4";"2018-08-28 17:08:00"
"496";"3";"2018-08-29 12:08:00"
"497";"3";"2018-08-29 12:08:00"
"498";"3";"2018-08-29 12:08:00"
"499";"3";"2018-08-29 12:08:00"
"500";"3";"2018-08-29 12:08:00"
"501";"3";"2018-08-29 12:08:00"
"502";"3";"2018-08-29 12:08:00"
"503";"3";"2018-08-29 12:08:00"
"504";"3";"2018-08-29 12:08:00"
"505";"3";"2018-08-29 12:08:00"
"506";"3";"2018-08-29 12:08:00"
"507";"3";"2018-08-29 12:08:00"
"508";"3";"2018-08-29 13:08:00"
"509";"3";"2018-08-29 13:08:00"
"510";"3";"2018-08-29 13:08:00"
"511";"3";"2018-08-29 13:08:00"
"512";"3";"2018-08-29 13:08:00"
"513";"3";"2018-08-29 13:08:00"
"514";"3";"2018-08-29 13:08:00"
"515";"3";"2018-08-29 13:08:00"
"516";"3";"2018-08-29 13:08:00"
"517";"3";"2018-08-29 13:08:00"
"518";"3";"2018-08-29 13:08:00"
"519";"3";"2018-08-29 13:08:00"
"520";"3";"2018-08-29 13:08:00"
"521";"3";"2018-08-29 13:08:00"
"522";"3";"2018-08-29 13:08:00"
"523";"3";"2018-08-29 13:08:00"
"524";"3";"2018-08-29 13:08:00"
"525";"3";"2018-08-29 13:08:00"
"526";"3";"2018-08-29 13:08:00"
"527";"3";"2018-08-29 13:08:00"
"528";"3";"2018-08-29 13:08:00"
"529";"3";"2018-08-29 13:08:00"
"530";"3";"2018-08-29 13:08:00"
"531";"3";"2018-08-29 13:08:00"
"532";"3";"2018-08-29 13:08:00"
"533";"3";"2018-08-29 13:08:00"
"534";"3";"2018-08-29 13:08:00"
"535";"3";"2018-08-29 13:08:00"
"536";"3";"2018-08-29 13:08:00"
"537";"3";"2018-08-29 13:08:00"
"538";"3";"2018-08-29 13:08:00"
"539";"3";"2018-08-29 14:08:00"
"540";"3";"2018-08-29 14:08:00"
"541";"3";"2018-08-29 14:08:00"
"542";"3";"2018-08-29 14:08:00"
"543";"3";"2018-08-29 14:08:00"
"544";"3";"2018-08-29 14:08:00"
"545";"3";"2018-08-29 14:08:00"
"546";"3";"2018-08-29 14:08:00"
"547";"3";"2018-08-29 14:08:00"
"548";"3";"2018-08-29 14:08:00"
"549";"3";"2018-08-29 14:08:00"
"550";"3";"2018-08-29 14:08:00"
"551";"3";"2018-08-29 14:08:00"
"552";"3";"2018-08-29 14:08:00"
"553";"3";"2018-08-29 14:08:00"
"554";"3";"2018-08-29 14:08:00"
"555";"3";"2018-08-29 14:08:00"
"556";"3";"2018-08-29 14:08:00"
"557";"3";"2018-08-29 14:08:00"
"558";"3";"2018-08-29 14:08:00"
"559";"3";"2018-08-29 14:08:00"
"560";"3";"2018-08-29 14:08:00"
"561";"3";"2018-08-29 14:08:00"
"562";"3";"2018-08-29 14:08:00"
"563";"3";"2018-08-29 14:08:00"
"564";"3";"2018-08-29 14:08:00"
"565";"3";"2018-08-29 14:08:00"
"566";"3";"2018-08-29 14:08:00"
"567";"3";"2018-08-29 14:08:00"
"568";"4";"2018-08-29 14:08:00"
"569";"4";"2018-08-29 14:08:00"
"570";"4";"2018-08-29 14:08:00"
"571";"4";"2018-08-29 14:08:00"
"572";"4";"2018-08-29 14:08:00"
"573";"4";"2018-08-29 14:08:00"
"574";"4";"2018-08-29 14:08:00"
"575";"4";"2018-08-29 14:08:00"
"576";"4";"2018-08-29 14:08:00"
"577";"4";"2018-08-29 14:08:00"
"578";"4";"2018-08-29 14:08:00"
"579";"4";"2018-08-29 14:08:00"
"580";"4";"2018-08-29 14:08:00"
"581";"4";"2018-08-29 14:08:00"
"582";"4";"2018-08-29 14:08:00"
"583";"4";"2018-08-29 14:08:00"
"584";"4";"2018-08-29 14:08:00"
"585";"4";"2018-08-29 14:08:00"
"586";"4";"2018-08-29 14:08:00"
"587";"4";"2018-08-29 17:08:00"
"588";"4";"2018-08-29 17:08:00"
"589";"4";"2018-08-29 17:08:00"
"590";"4";"2018-08-29 17:08:00"
"591";"4";"2018-08-29 17:08:00"
"592";"3";"2018-08-29 18:08:00"
"593";"3";"2018-08-29 18:08:00"
"594";"3";"2018-08-29 18:08:00"
"595";"3";"2018-08-29 18:08:00"
"596";"3";"2018-08-29 18:08:00"
"597";"3";"2018-08-29 18:08:00"
"598";"3";"2018-08-29 18:08:00"
"599";"3";"2018-08-29 18:08:00"
"600";"3";"2018-08-29 18:08:00"
"601";"3";"2018-08-29 18:08:00"
"602";"4";"2018-08-30 14:08:00"
"603";"4";"2018-08-30 14:08:00"
"604";"4";"2018-08-30 14:08:00"
"605";"4";"2018-08-30 14:08:00"
"606";"3";"2018-08-30 17:08:00"
"607";"3";"2018-08-30 17:08:00"
"608";"3";"2018-08-30 17:08:00"
"609";"3";"2018-08-30 17:08:00"
"610";"3";"2018-08-30 17:08:00"
"611";"3";"2018-08-30 17:08:00"
"612";"3";"2018-08-30 17:08:00"
"613";"3";"2018-08-30 17:08:00"
"614";"3";"2018-08-30 17:08:00"
"615";"3";"2018-08-30 17:08:00"
"616";"3";"2018-08-30 17:08:00"
"617";"3";"2018-08-30 17:08:00"
"618";"4";"2018-08-30 18:08:00"
"619";"3";"2018-08-31 12:08:00"
"620";"3";"2018-08-31 12:08:00"
"621";"3";"2018-08-31 12:08:00"
"622";"3";"2018-08-31 12:08:00"
"623";"3";"2018-08-31 12:08:00"
"624";"3";"2018-08-31 12:08:00"
"625";"3";"2018-08-31 12:08:00"
"626";"3";"2018-08-31 12:08:00"
"627";"3";"2018-08-31 12:08:00"
"628";"3";"2018-08-31 12:08:00"
"629";"3";"2018-08-31 12:08:00"
"630";"3";"2018-08-31 12:08:00"
"631";"3";"2018-08-31 12:08:00"
"632";"3";"2018-08-31 12:08:00"
"633";"3";"2018-08-31 12:08:00"
"634";"3";"2018-08-31 12:08:00"
"635";"3";"2018-08-31 12:08:00"
"636";"3";"2018-08-31 12:08:00"
"637";"3";"2018-08-31 12:08:00"
"638";"3";"2018-08-31 12:08:00"
"639";"3";"2018-08-31 12:08:00"
"640";"3";"2018-08-31 12:08:00"
"641";"3";"2018-08-31 12:08:00"
"642";"3";"2018-08-31 12:08:00"
"643";"3";"2018-08-31 12:08:00"
"644";"3";"2018-08-31 12:08:00"
"645";"3";"2018-08-31 12:08:00"
"646";"3";"2018-08-31 13:08:00"
"647";"3";"2018-08-31 13:08:00"
"648";"3";"2018-08-31 13:08:00"
"649";"3";"2018-08-31 13:08:00"
"650";"3";"2018-08-31 13:08:00"
"651";"3";"2018-08-31 13:08:00"
"652";"3";"2018-08-31 13:08:00"
"653";"3";"2018-08-31 13:08:00"
"654";"3";"2018-08-31 13:08:00"
"655";"3";"2018-08-31 13:08:00"
"656";"3";"2018-08-31 13:08:00"
"657";"3";"2018-08-31 13:08:00"
"658";"3";"2018-08-31 13:08:00"
"659";"3";"2018-08-31 13:08:00"
"660";"3";"2018-08-31 13:08:00"
"661";"3";"2018-08-31 13:08:00"
"662";"4";"2018-08-31 16:08:00"
"663";"4";"2018-08-31 16:08:00"
"664";"4";"2018-08-31 16:08:00"
"665";"4";"2018-08-31 16:08:00"
"666";"4";"2018-08-31 17:08:00"
"667";"4";"2018-08-31 18:08:00"
"668";"4";"2018-08-31 18:08:00"
"669";"4";"2018-08-31 18:08:00"
"670";"4";"2018-08-31 18:08:00"
"671";"4";"2018-08-31 18:08:00"
"672";"4";"2018-08-31 18:08:00"
"673";"4";"2018-08-31 18:08:00"
"674";"4";"2018-08-31 18:08:00"
"675";"4";"2018-08-31 18:08:00"
"676";"4";"2018-08-31 18:08:00"
"677";"4";"2018-08-31 18:08:00"
"678";"4";"2018-08-31 18:08:00"
"679";"4";"2018-08-31 18:08:00"
"680";"4";"2018-08-31 18:08:00"
"681";"4";"2018-08-31 18:08:00"
"682";"4";"2018-08-31 18:08:00"
"683";"4";"2018-09-01 09:09:00"
"684";"4";"2018-09-01 09:09:00"
"685";"4";"2018-09-01 09:09:00"
"686";"4";"2018-09-01 09:09:00"
"687";"4";"2018-09-01 09:09:00"
"688";"4";"2018-09-01 09:09:00"
"689";"4";"2018-09-01 10:09:00"
"690";"4";"2018-09-01 10:09:00"
"691";"4";"2018-09-01 10:09:00"
"692";"4";"2018-09-01 10:09:00"
"693";"4";"2018-09-01 11:09:00"
"694";"4";"2018-09-01 11:09:00"
"695";"4";"2018-09-01 11:09:00"
"696";"4";"2018-09-01 11:09:00"
"697";"4";"2018-09-01 11:09:00"
"698";"4";"2018-09-01 11:09:00"
"699";"4";"2018-09-01 11:09:00"
"700";"4";"2018-09-01 12:09:00"
"701";"4";"2018-09-01 12:09:00"
"702";"4";"2018-09-01 12:09:00"
"703";"4";"2018-09-01 12:09:00"
"704";"4";"2018-09-01 12:09:00"
"705";"4";"2018-09-01 12:09:00"
"706";"4";"2018-09-01 15:09:00"
"707";"4";"2018-09-01 15:09:00"
"708";"4";"2018-09-01 15:09:00"
"709";"4";"2018-09-01 15:09:00"
"710";"4";"2018-09-01 15:09:00"
"711";"4";"2018-09-01 15:09:00"
"712";"4";"2018-09-01 15:09:00"
"713";"4";"2018-09-01 15:09:00"
"714";"4";"2018-09-01 15:09:00"
"715";"4";"2018-09-01 15:09:00"
"716";"4";"2018-09-01 16:09:00"
"717";"4";"2018-09-01 16:09:00"
"718";"4";"2018-09-01 16:09:00"
"719";"4";"2018-09-01 16:09:00"
"720";"4";"2018-09-01 16:09:00"
"721";"4";"2018-09-01 17:09:00"
"722";"4";"2018-09-01 17:09:00"
"723";"3";"2018-09-03 10:09:00"
"724";"3";"2018-09-03 10:09:00"
"725";"3";"2018-09-03 10:09:00"
"726";"3";"2018-09-03 10:09:00"
"727";"3";"2018-09-03 10:09:00"
"728";"3";"2018-09-03 10:09:00"
"729";"3";"2018-09-03 10:09:00"
"730";"3";"2018-09-03 10:09:00"
"731";"3";"2018-09-03 10:09:00"
"732";"3";"2018-09-03 10:09:00"
"733";"3";"2018-09-03 10:09:00"
"734";"3";"2018-09-03 10:09:00"
"735";"3";"2018-09-03 11:09:00"
"736";"3";"2018-09-03 11:09:00"
"737";"3";"2018-09-03 11:09:00"
"738";"3";"2018-09-03 11:09:00"
"739";"3";"2018-09-03 11:09:00"
"740";"3";"2018-09-03 11:09:00"
"741";"3";"2018-09-03 11:09:00"
"742";"3";"2018-09-03 11:09:00"
"743";"3";"2018-09-03 11:09:00"
"744";"3";"2018-09-03 11:09:00"
"745";"3";"2018-09-03 11:09:00"
"746";"3";"2018-09-03 11:09:00"
"747";"3";"2018-09-03 11:09:00"
"748";"3";"2018-09-03 11:09:00"
"749";"3";"2018-09-03 11:09:00"
"750";"3";"2018-09-03 13:09:00"
"751";"3";"2018-09-03 13:09:00"
"752";"3";"2018-09-03 13:09:00"
"753";"3";"2018-09-03 13:09:00"
"754";"3";"2018-09-03 13:09:00"
"755";"3";"2018-09-03 13:09:00"
"756";"3";"2018-09-03 13:09:00"
"757";"3";"2018-09-03 13:09:00"
"758";"3";"2018-09-03 13:09:00"
"759";"3";"2018-09-03 13:09:00"
"760";"3";"2018-09-03 13:09:00"
"761";"3";"2018-09-03 13:09:00"
"762";"3";"2018-09-03 13:09:00"
"763";"3";"2018-09-03 13:09:00"
"764";"3";"2018-09-03 13:09:00"
"765";"3";"2018-09-03 13:09:00"
"766";"3";"2018-09-03 14:09:00"
"767";"3";"2018-09-03 14:09:00"
"768";"3";"2018-09-03 14:09:00"
"769";"4";"2018-09-03 15:09:00"
"770";"4";"2018-09-03 16:09:00"
"771";"4";"2018-09-03 16:09:00"
"772";"4";"2018-09-03 16:09:00"
"773";"4";"2018-09-03 16:09:00"
"774";"4";"2018-09-03 16:09:00"
"775";"4";"2018-09-03 16:09:00"
"776";"4";"2018-09-03 16:09:00"
"777";"4";"2018-09-03 18:09:00"
"778";"4";"2018-09-03 18:09:00"
"779";"4";"2018-09-03 18:09:00"
"780";"4";"2018-09-03 18:09:00"
"781";"4";"2018-09-03 18:09:00"
"782";"4";"2018-09-03 18:09:00"
"783";"4";"2018-09-03 18:09:00"
"784";"3";"2018-09-03 18:09:00"
"785";"3";"2018-09-03 18:09:00"
"786";"3";"2018-09-03 18:09:00"
"787";"3";"2018-09-03 18:09:00"
"788";"3";"2018-09-03 18:09:00"
"789";"3";"2018-09-03 18:09:00"
"790";"3";"2018-09-03 18:09:00"
"791";"3";"2018-09-03 18:09:00"
"792";"3";"2018-09-03 18:09:00"
"793";"3";"2018-09-03 18:09:00"
"794";"3";"2018-09-03 18:09:00"
"795";"3";"2018-09-03 18:09:00"
"796";"3";"2018-09-03 18:09:00"
"797";"3";"2018-09-03 18:09:00"
"798";"3";"2018-09-03 18:09:00"
"799";"3";"2018-09-03 18:09:00"
"800";"3";"2018-09-03 18:09:00"
"801";"4";"2018-09-03 19:09:00"
"802";"4";"2018-09-03 19:09:00"
"803";"4";"2018-09-03 19:09:00"
"804";"4";"2018-09-03 19:09:00"
"805";"4";"2018-09-03 19:09:00"
"806";"4";"2018-09-03 19:09:00"
"807";"4";"2018-09-03 19:09:00"
"808";"4";"2018-09-03 19:09:00"
"809";"4";"2018-09-03 19:09:00"
"810";"4";"2018-09-03 19:09:00"
"811";"4";"2018-09-03 19:09:00"
"812";"4";"2018-09-03 19:09:00"
"813";"4";"2018-09-03 19:09:00"
"814";"4";"2018-09-03 19:09:00"
"815";"4";"2018-09-03 19:09:00"
"816";"4";"2018-09-03 19:09:00"
"817";"3";"2018-09-03 19:09:00"
"818";"4";"2018-09-04 13:09:00"
"819";"4";"2018-09-04 13:09:00"
"820";"4";"2018-09-04 13:09:00"
"821";"4";"2018-09-04 13:09:00"
"822";"4";"2018-09-04 13:09:00"
"823";"4";"2018-09-04 13:09:00"
"824";"4";"2018-09-04 13:09:00"
"825";"4";"2018-09-04 13:09:00"
"826";"4";"2018-09-04 13:09:00"
"827";"4";"2018-09-04 13:09:00"
"828";"4";"2018-09-04 13:09:00"
"829";"4";"2018-09-04 13:09:00"
"830";"4";"2018-09-04 13:09:00"
"831";"4";"2018-09-04 13:09:00"
"832";"4";"2018-09-04 13:09:00"
"833";"4";"2018-09-04 15:09:00"
"834";"4";"2018-09-04 16:09:00"
"835";"4";"2018-09-04 17:09:00"
"836";"4";"2018-09-04 17:09:00"
"837";"4";"2018-09-04 17:09:00"
"838";"4";"2018-09-04 17:09:00"
"839";"4";"2018-09-04 17:09:00"
"840";"4";"2018-09-04 17:09:00"
"841";"4";"2018-09-04 18:09:00"
"842";"4";"2018-09-04 18:09:00"
"843";"4";"2018-09-04 18:09:00"
"844";"4";"2018-09-04 18:09:00"
"845";"4";"2018-09-04 18:09:00"
"846";"4";"2018-09-04 18:09:00"
"847";"4";"2018-09-04 18:09:00"
"848";"4";"2018-09-04 18:09:00"
"849";"4";"2018-09-04 18:09:00"
"850";"4";"2018-09-04 18:09:00"
"851";"4";"2018-09-04 18:09:00"
"852";"4";"2018-09-04 18:09:00"
"853";"4";"2018-09-04 18:09:00"
"854";"4";"2018-09-04 18:09:00"
"855";"4";"2018-09-04 18:09:00"
"856";"4";"2018-09-04 18:09:00"
"857";"4";"2018-09-04 18:09:00"
"858";"4";"2018-09-04 18:09:00"
"859";"4";"2018-09-04 18:09:00"
"860";"3";"2018-09-05 11:09:00"
"861";"3";"2018-09-05 11:09:00"
"862";"3";"2018-09-05 11:09:00"
"863";"3";"2018-09-05 11:09:00"
"864";"3";"2018-09-05 13:09:00"
"865";"3";"2018-09-05 13:09:00"
"866";"4";"2018-09-05 13:09:00"
"867";"4";"2018-09-05 13:09:00"
"868";"4";"2018-09-05 13:09:00"
"869";"4";"2018-09-05 13:09:00"
"870";"4";"2018-09-05 13:09:00"
"871";"4";"2018-09-05 13:09:00"
"872";"4";"2018-09-05 13:09:00"
"873";"4";"2018-09-05 13:09:00"
"874";"4";"2018-09-05 13:09:00"
"875";"4";"2018-09-05 13:09:00"
"876";"4";"2018-09-05 13:09:00"
"877";"4";"2018-09-05 13:09:00"
"878";"4";"2018-09-05 13:09:00"
"879";"4";"2018-09-05 13:09:00"
"880";"4";"2018-09-05 13:09:00"
"881";"4";"2018-09-05 13:09:00"
"882";"4";"2018-09-05 13:09:00"
"883";"4";"2018-09-05 14:09:00"
"884";"4";"2018-09-05 14:09:00"
"885";"4";"2018-09-05 14:09:00"
"886";"4";"2018-09-05 14:09:00"
"887";"4";"2018-09-05 14:09:00"
"888";"4";"2018-09-05 14:09:00"
"889";"4";"2018-09-05 14:09:00"
"890";"4";"2018-09-05 14:09:00"
"891";"4";"2018-09-05 14:09:00"
"892";"4";"2018-09-05 14:09:00"
"893";"4";"2018-09-05 14:09:00"
"894";"4";"2018-09-05 14:09:00"
"895";"4";"2018-09-05 14:09:00"
"896";"4";"2018-09-05 14:09:00"
"897";"4";"2018-09-05 14:09:00"
"898";"4";"2018-09-05 14:09:00"
"899";"4";"2018-09-05 14:09:00"
"900";"4";"2018-09-05 14:09:00"
"901";"4";"2018-09-05 14:09:00"
"902";"4";"2018-09-05 14:09:00"
"903";"4";"2018-09-05 14:09:00"
"904";"4";"2018-09-05 14:09:00"
"905";"4";"2018-09-05 15:09:00"
"906";"4";"2018-09-05 15:09:00"
"907";"4";"2018-09-05 15:09:00"
"908";"4";"2018-09-05 15:09:00"
"909";"4";"2018-09-05 15:09:00"
"910";"4";"2018-09-05 15:09:00"
"911";"3";"2018-09-05 15:09:00"
"912";"3";"2018-09-05 15:09:00"
"913";"3";"2018-09-05 15:09:00"
"914";"3";"2018-09-05 15:09:00"
"915";"3";"2018-09-05 15:09:00"
"916";"3";"2018-09-05 15:09:00"
"917";"3";"2018-09-05 15:09:00"
"918";"3";"2018-09-05 15:09:00"
"919";"3";"2018-09-05 15:09:00"
"920";"3";"2018-09-05 15:09:00"
"921";"3";"2018-09-05 17:09:00"
"922";"3";"2018-09-05 17:09:00"
"923";"3";"2018-09-05 17:09:00"
"924";"3";"2018-09-05 17:09:00"
"925";"3";"2018-09-05 17:09:00"
"926";"3";"2018-09-05 17:09:00"
"927";"3";"2018-09-05 17:09:00"
"928";"3";"2018-09-05 17:09:00"
"929";"3";"2018-09-05 18:09:00"
"930";"3";"2018-09-05 18:09:00"
"931";"3";"2018-09-05 18:09:00"
"932";"3";"2018-09-05 18:09:00"
"933";"3";"2018-09-05 18:09:00"
"934";"3";"2018-09-05 18:09:00"
"935";"3";"2018-09-05 18:09:00"
"936";"3";"2018-09-05 18:09:00"
"937";"3";"2018-09-06 13:09:00"
"938";"3";"2018-09-06 13:09:00"
"939";"3";"2018-09-06 13:09:00"
"940";"3";"2018-09-06 13:09:00"
"941";"3";"2018-09-06 13:09:00"
"942";"3";"2018-09-06 13:09:00"
"943";"3";"2018-09-06 13:09:00"
"944";"3";"2018-09-06 13:09:00"
"945";"3";"2018-09-06 13:09:00"
"946";"3";"2018-09-06 13:09:00"
"947";"3";"2018-09-06 13:09:00"
"948";"3";"2018-09-06 13:09:00"
"949";"3";"2018-09-06 13:09:00"
"950";"4";"2018-09-06 16:09:00"
"951";"4";"2018-09-06 16:09:00"
"952";"4";"2018-09-06 16:09:00"
"953";"4";"2018-09-06 16:09:00"
"954";"4";"2018-09-06 16:09:00"
"955";"4";"2018-09-06 16:09:00"
"956";"4";"2018-09-06 16:09:00"
"957";"4";"2018-09-06 18:09:00"
"958";"4";"2018-09-06 18:09:00"
"959";"4";"2018-09-06 18:09:00"
"960";"3";"2018-09-06 18:09:00"
"961";"3";"2018-09-06 18:09:00"
"962";"4";"2018-09-08 09:09:00"
"963";"4";"2018-09-08 09:09:00"
"964";"4";"2018-09-08 09:09:00"
"965";"4";"2018-09-08 09:09:00"
"966";"4";"2018-09-08 09:09:00"
"967";"4";"2018-09-08 09:09:00"
"968";"4";"2018-09-08 09:09:00"
"969";"4";"2018-09-08 09:09:00"
"970";"4";"2018-09-08 09:09:00"
"971";"4";"2018-09-08 09:09:00"
"972";"4";"2018-09-08 09:09:00"
"973";"4";"2018-09-08 09:09:00"
"974";"4";"2018-09-08 09:09:00"
"975";"4";"2018-09-08 09:09:00"
"976";"4";"2018-09-08 09:09:00"
"977";"4";"2018-09-08 09:09:00"
"978";"4";"2018-09-08 09:09:00"
"979";"4";"2018-09-08 09:09:00"
"980";"4";"2018-09-08 10:09:00"
"981";"4";"2018-09-08 10:09:00"
"982";"4";"2018-09-08 10:09:00"
"983";"4";"2018-09-08 10:09:00"
"984";"4";"2018-09-08 10:09:00"
"985";"4";"2018-09-08 10:09:00"
"986";"4";"2018-09-08 10:09:00"
"987";"4";"2018-09-08 10:09:00"
"988";"4";"2018-09-08 10:09:00"
"989";"4";"2018-09-08 10:09:00"
"990";"4";"2018-09-08 10:09:00"
"991";"4";"2018-09-08 10:09:00"
"992";"3";"2018-09-08 10:09:00"
"993";"3";"2018-09-08 10:09:00"
"994";"3";"2018-09-08 10:09:00"
"995";"4";"2018-09-08 10:09:00"
"996";"4";"2018-09-08 10:09:00"
"997";"4";"2018-09-08 10:09:00"
"998";"4";"2018-09-08 10:09:00"
"999";"4";"2018-09-08 10:09:00"
"1000";"4";"2018-09-08 10:09:00"
"1001";"4";"2018-09-08 10:09:00"
"1002";"4";"2018-09-08 10:09:00"
"1003";"4";"2018-09-08 10:09:00"
"1004";"4";"2018-09-08 10:09:00"
"1005";"4";"2018-09-08 10:09:00"
"1006";"4";"2018-09-08 11:09:00"
"1007";"4";"2018-09-08 11:09:00"
"1008";"4";"2018-09-08 11:09:00"
"1009";"4";"2018-09-08 11:09:00"
"1010";"4";"2018-09-08 11:09:00"
"1011";"4";"2018-09-08 11:09:00"
"1012";"4";"2018-09-08 11:09:00"
"1013";"4";"2018-09-08 11:09:00"
"1014";"4";"2018-09-08 11:09:00"
"1015";"4";"2018-09-08 11:09:00"
"1016";"4";"2018-09-08 11:09:00"
"1017";"4";"2018-09-08 11:09:00"
"1018";"4";"2018-09-08 11:09:00"
"1019";"4";"2018-09-08 11:09:00"
"1020";"4";"2018-09-08 11:09:00"
"1021";"4";"2018-09-08 11:09:00"
"1022";"4";"2018-09-08 11:09:00"
"1023";"4";"2018-09-08 11:09:00"
"1024";"4";"2018-09-08 11:09:00"
"1025";"4";"2018-09-08 11:09:00"
"1026";"4";"2018-09-08 11:09:00"
"1027";"4";"2018-09-08 11:09:00"
"1028";"4";"2018-09-08 11:09:00"
"1029";"4";"2018-09-08 11:09:00"
"1030";"4";"2018-09-08 11:09:00"
"1031";"4";"2018-09-08 11:09:00"
"1032";"4";"2018-09-08 11:09:00"
"1033";"4";"2018-09-08 11:09:00"
"1034";"4";"2018-09-08 11:09:00"
"1035";"4";"2018-09-08 11:09:00"
"1036";"4";"2018-09-08 11:09:00"
"1037";"4";"2018-09-08 11:09:00"
"1038";"4";"2018-09-08 11:09:00"
"1039";"4";"2018-09-08 11:09:00"
"1040";"4";"2018-09-08 11:09:00"
"1041";"4";"2018-09-08 11:09:00"
"1042";"4";"2018-09-08 11:09:00"
"1043";"4";"2018-09-08 11:09:00"
"1044";"4";"2018-09-08 11:09:00"
"1045";"4";"2018-09-08 12:09:00"
"1046";"4";"2018-09-08 12:09:00"
"1047";"4";"2018-09-08 12:09:00"
"1048";"4";"2018-09-08 12:09:00"
"1049";"4";"2018-09-08 12:09:00"
"1050";"4";"2018-09-08 12:09:00"
"1051";"4";"2018-09-08 12:09:00"
"1052";"4";"2018-09-08 13:09:00"
"1053";"4";"2018-09-08 13:09:00"
"1054";"4";"2018-09-08 13:09:00"
"1055";"4";"2018-09-08 13:09:00"
"1056";"4";"2018-09-08 13:09:00"
"1057";"4";"2018-09-08 13:09:00"
"1058";"4";"2018-09-08 13:09:00"
"1059";"4";"2018-09-08 13:09:00"
"1060";"4";"2018-09-08 13:09:00"
"1061";"4";"2018-09-08 13:09:00"
"1062";"4";"2018-09-08 13:09:00"
"1063";"4";"2018-09-08 13:09:00"
"1064";"4";"2018-09-08 13:09:00"
"1065";"4";"2018-09-08 13:09:00"
"1066";"4";"2018-09-08 13:09:00"
"1067";"4";"2018-09-08 13:09:00"
"1068";"4";"2018-09-08 13:09:00"
"1069";"4";"2018-09-08 13:09:00"
"1070";"4";"2018-09-08 13:09:00"
"1071";"4";"2018-09-08 13:09:00"
"1072";"4";"2018-09-08 13:09:00"
"1073";"3";"2018-09-08 14:09:00"
"1074";"3";"2018-09-08 14:09:00"
"1075";"3";"2018-09-08 14:09:00"
"1076";"3";"2018-09-08 14:09:00"
"1077";"3";"2018-09-08 14:09:00"
"1078";"4";"2018-09-08 15:09:00"
"1079";"4";"2018-09-08 15:09:00"
"1080";"4";"2018-09-08 15:09:00"
"1081";"4";"2018-09-08 15:09:00"
"1082";"4";"2018-09-08 15:09:00"
"1083";"4";"2018-09-08 15:09:00"
"1084";"4";"2018-09-08 15:09:00"
"1085";"4";"2018-09-08 15:09:00"
"1086";"4";"2018-09-08 15:09:00"
"1087";"4";"2018-09-08 15:09:00"
"1088";"4";"2018-09-08 15:09:00"
"1089";"4";"2018-09-08 16:09:00"
"1090";"4";"2018-09-08 17:09:00"
"1091";"4";"2018-09-08 17:09:00"
"1092";"4";"2018-09-08 17:09:00"
"1093";"4";"2018-09-08 17:09:00"
"1094";"4";"2018-09-08 18:09:00"
"1095";"4";"2018-09-08 18:09:00"
"1096";"4";"2018-09-08 18:09:00"
"1097";"4";"2018-09-08 18:09:00"
"1098";"4";"2018-09-08 18:09:00"
"1099";"4";"2018-09-08 18:09:00"
"1100";"4";"2018-09-08 18:09:00"
"1101";"4";"2018-09-08 18:09:00"
"1102";"4";"2018-09-08 18:09:00"
"1103";"4";"2018-09-08 18:09:00"
"1104";"4";"2018-09-08 18:09:00"
"1105";"4";"2018-09-08 18:09:00"
"1106";"4";"2018-09-08 18:09:00"
"1107";"4";"2018-09-08 18:09:00"
"1108";"4";"2018-09-08 18:09:00"
"1109";"4";"2018-09-08 18:09:00"
"1110";"3";"2018-09-10 11:09:00"
"1111";"3";"2018-09-10 11:09:00"
"1112";"3";"2018-09-10 11:09:00"
"1113";"3";"2018-09-10 11:09:00"
"1114";"3";"2018-09-10 11:09:00"
"1115";"3";"2018-09-10 11:09:00"
"1116";"3";"2018-09-10 11:09:00"
"1117";"3";"2018-09-10 11:09:00"
"1118";"3";"2018-09-10 11:09:00"
"1119";"3";"2018-09-10 11:09:00"
"1120";"3";"2018-09-10 11:09:00"
"1121";"3";"2018-09-10 11:09:00"
"1122";"3";"2018-09-10 13:09:00"
"1123";"3";"2018-09-10 13:09:00"
"1124";"3";"2018-09-10 13:09:00"
"1125";"3";"2018-09-10 13:09:00"
"1126";"3";"2018-09-10 13:09:00"
"1127";"3";"2018-09-10 13:09:00"
"1128";"3";"2018-09-10 13:09:00"
"1129";"3";"2018-09-10 13:09:00"
"1130";"3";"2018-09-10 13:09:00"
"1131";"3";"2018-09-10 13:09:00"
"1132";"3";"2018-09-10 13:09:00"
"1133";"3";"2018-09-10 13:09:00"
"1134";"3";"2018-09-10 13:09:00"
"1135";"3";"2018-09-10 13:09:00"
"1136";"3";"2018-09-10 13:09:00"
"1137";"3";"2018-09-10 13:09:00"
"1138";"3";"2018-09-10 13:09:00"
"1139";"3";"2018-09-10 13:09:00"
"1140";"3";"2018-09-10 13:09:00"
"1141";"3";"2018-09-10 13:09:00"
"1142";"4";"2018-09-10 14:09:00"
"1143";"4";"2018-09-10 14:09:00"
"1144";"4";"2018-09-10 14:09:00"
"1145";"4";"2018-09-10 14:09:00"
"1146";"4";"2018-09-10 14:09:00"
"1147";"4";"2018-09-10 14:09:00"
"1148";"4";"2018-09-10 14:09:00"
"1149";"4";"2018-09-10 14:09:00"
"1150";"4";"2018-09-10 14:09:00"
"1151";"4";"2018-09-10 14:09:00"
"1152";"4";"2018-09-10 14:09:00"
"1153";"4";"2018-09-10 14:09:00"
"1154";"4";"2018-09-10 14:09:00"
"1155";"4";"2018-09-10 14:09:00"
"1156";"4";"2018-09-10 15:09:00"
"1157";"4";"2018-09-10 15:09:00"
"1158";"4";"2018-09-10 15:09:00"
"1159";"4";"2018-09-10 15:09:00"
"1160";"3";"2018-09-10 15:09:00"
"1161";"3";"2018-09-10 15:09:00"
"1162";"3";"2018-09-10 15:09:00"
"1163";"3";"2018-09-10 15:09:00"
"1164";"3";"2018-09-10 15:09:00"
"1165";"3";"2018-09-10 15:09:00"
"1166";"3";"2018-09-10 16:09:00"
"1167";"3";"2018-09-10 16:09:00"
"1168";"4";"2018-09-10 16:09:00"
"1169";"4";"2018-09-10 16:09:00"
"1170";"4";"2018-09-10 16:09:00"
"1171";"4";"2018-09-10 16:09:00"
"1172";"4";"2018-09-10 16:09:00"
"1173";"4";"2018-09-10 16:09:00"
"1174";"4";"2018-09-10 16:09:00"
"1175";"4";"2018-09-10 17:09:00"
"1176";"4";"2018-09-10 17:09:00"
"1177";"4";"2018-09-10 17:09:00"
"1178";"4";"2018-09-10 17:09:00"
"1179";"4";"2018-09-10 17:09:00"
"1180";"4";"2018-09-10 17:09:00"
"1181";"4";"2018-09-10 17:09:00"
"1182";"4";"2018-09-10 17:09:00"
"1183";"4";"2018-09-10 17:09:00"
"1184";"4";"2018-09-10 17:09:00"
"1185";"4";"2018-09-10 17:09:00"
"1186";"4";"2018-09-10 17:09:00"
"1187";"4";"2018-09-10 17:09:00"
"1188";"4";"2018-09-10 17:09:00"
"1189";"4";"2018-09-10 17:09:00"
"1190";"4";"2018-09-10 17:09:00"
"1191";"4";"2018-09-10 17:09:00"
"1192";"4";"2018-09-10 17:09:00"
"1193";"4";"2018-09-10 17:09:00"
"1194";"4";"2018-09-10 18:09:00"
"1195";"4";"2018-09-10 18:09:00"
"1196";"3";"2018-09-10 18:09:00"
"1197";"3";"2018-09-10 18:09:00"
"1198";"3";"2018-09-10 18:09:00"
"1199";"3";"2018-09-10 18:09:00"
"1200";"3";"2018-09-11 09:09:00"
"1201";"3";"2018-09-11 09:09:00"
"1202";"3";"2018-09-11 09:09:00"
"1203";"3";"2018-09-11 09:09:00"
"1204";"3";"2018-09-11 09:09:00"
"1205";"3";"2018-09-11 09:09:00"
"1206";"3";"2018-09-11 09:09:00"
"1207";"3";"2018-09-11 09:09:00"
"1208";"3";"2018-09-11 09:09:00"
"1209";"3";"2018-09-11 09:09:00"
"1210";"3";"2018-09-11 09:09:00"
"1211";"3";"2018-09-11 09:09:00"
"1212";"3";"2018-09-11 09:09:00"
"1213";"3";"2018-09-11 09:09:00"
"1214";"3";"2018-09-11 09:09:00"
"1215";"3";"2018-09-11 09:09:00"
"1216";"3";"2018-09-11 13:09:00"
"1217";"3";"2018-09-11 13:09:00"
"1218";"3";"2018-09-11 13:09:00"
"1219";"3";"2018-09-11 13:09:00"
"1220";"3";"2018-09-11 13:09:00"
"1221";"3";"2018-09-11 13:09:00"
"1222";"3";"2018-09-11 13:09:00"
"1223";"3";"2018-09-11 13:09:00"
"1224";"3";"2018-09-11 13:09:00"
"1225";"3";"2018-09-11 13:09:00"
"1226";"3";"2018-09-11 13:09:00"
"1227";"3";"2018-09-11 13:09:00"
"1228";"3";"2018-09-11 13:09:00"
"1229";"3";"2018-09-11 13:09:00"
"1230";"3";"2018-09-11 13:09:00"
"1231";"3";"2018-09-11 13:09:00"
"1232";"3";"2018-09-11 13:09:00"
"1233";"3";"2018-09-11 13:09:00"
"1234";"3";"2018-09-11 13:09:00"
"1235";"3";"2018-09-11 13:09:00"
"1236";"3";"2018-09-11 13:09:00"
"1237";"3";"2018-09-11 13:09:00"
"1238";"3";"2018-09-11 13:09:00"
"1239";"3";"2018-09-11 13:09:00"
"1240";"3";"2018-09-11 13:09:00"
"1241";"3";"2018-09-11 13:09:00"
"1242";"3";"2018-09-11 13:09:00"
"1243";"3";"2018-09-11 13:09:00"
"1244";"3";"2018-09-11 13:09:00"
"1245";"3";"2018-09-11 13:09:00"
"1246";"3";"2018-09-11 13:09:00"
"1247";"3";"2018-09-11 13:09:00"
"1248";"3";"2018-09-11 13:09:00"
"1249";"3";"2018-09-11 13:09:00"
"1250";"3";"2018-09-11 13:09:00"
"1251";"4";"2018-09-11 14:09:00"
"1252";"4";"2018-09-11 14:09:00"
"1253";"4";"2018-09-11 14:09:00"
"1254";"4";"2018-09-11 14:09:00"
"1255";"4";"2018-09-11 14:09:00"
"1256";"4";"2018-09-11 15:09:00"
"1257";"4";"2018-09-11 15:09:00"
"1258";"4";"2018-09-11 15:09:00"
"1259";"4";"2018-09-11 15:09:00"
"1260";"4";"2018-09-11 15:09:00"
"1261";"4";"2018-09-11 16:09:00"
"1262";"4";"2018-09-11 17:09:00"
"1263";"4";"2018-09-11 17:09:00"
"1264";"4";"2018-09-11 17:09:00"
"1265";"4";"2018-09-11 17:09:00"
"1266";"4";"2018-09-11 17:09:00"
"1267";"4";"2018-09-11 18:09:00"
"1268";"4";"2018-09-12 13:09:00"
"1269";"4";"2018-09-12 13:09:00"
"1270";"4";"2018-09-12 13:09:00"
"1271";"4";"2018-09-12 13:09:00"
"1272";"4";"2018-09-12 13:09:00"
"1273";"4";"2018-09-12 13:09:00"
"1274";"4";"2018-09-12 13:09:00"
"1275";"4";"2018-09-12 13:09:00"
"1276";"4";"2018-09-12 13:09:00"
"1277";"4";"2018-09-12 13:09:00"
"1278";"4";"2018-09-12 13:09:00"
"1279";"4";"2018-09-12 13:09:00"
"1280";"4";"2018-09-12 13:09:00"
"1281";"4";"2018-09-12 13:09:00"
"1282";"4";"2018-09-12 14:09:00"
"1283";"4";"2018-09-12 14:09:00"
"1284";"4";"2018-09-12 14:09:00"
"1285";"4";"2018-09-12 14:09:00"
"1286";"4";"2018-09-12 14:09:00"
"1287";"4";"2018-09-12 14:09:00"
"1288";"4";"2018-09-12 14:09:00"
"1289";"4";"2018-09-12 14:09:00"
"1290";"4";"2018-09-12 14:09:00"
"1291";"4";"2018-09-12 14:09:00"
"1292";"4";"2018-09-12 14:09:00"
"1293";"4";"2018-09-12 14:09:00"
"1294";"4";"2018-09-12 14:09:00"
"1295";"4";"2018-09-12 14:09:00"
"1296";"4";"2018-09-12 14:09:00"
"1297";"4";"2018-09-12 14:09:00"
"1298";"4";"2018-09-12 14:09:00"
"1299";"4";"2018-09-12 14:09:00"
"1300";"4";"2018-09-12 14:09:00"
"1301";"4";"2018-09-12 14:09:00"
"1302";"4";"2018-09-12 14:09:00"
"1303";"4";"2018-09-12 14:09:00"
"1304";"4";"2018-09-12 14:09:00"
"1305";"4";"2018-09-12 14:09:00"
"1306";"4";"2018-09-12 14:09:00"
"1307";"4";"2018-09-12 14:09:00"
"1308";"4";"2018-09-12 14:09:00"
"1309";"4";"2018-09-12 14:09:00"
"1310";"4";"2018-09-12 14:09:00"
"1311";"4";"2018-09-12 14:09:00"
"1312";"4";"2018-09-12 14:09:00"
"1313";"4";"2018-09-12 14:09:00"
"1314";"4";"2018-09-12 14:09:00"
"1315";"4";"2018-09-12 14:09:00"
"1316";"4";"2018-09-12 14:09:00"
"1317";"4";"2018-09-12 14:09:00"
"1318";"4";"2018-09-12 14:09:00"
"1319";"4";"2018-09-12 14:09:00"
"1320";"4";"2018-09-12 14:09:00"
"1321";"4";"2018-09-12 16:09:00"
"1322";"4";"2018-09-12 16:09:00"
"1323";"4";"2018-09-12 16:09:00"
"1324";"4";"2018-09-12 16:09:00"
"1325";"4";"2018-09-12 16:09:00"
"1326";"4";"2018-09-12 16:09:00"
"1327";"4";"2018-09-12 16:09:00"
"1328";"4";"2018-09-12 16:09:00"
"1329";"4";"2018-09-12 16:09:00"
"1330";"4";"2018-09-12 16:09:00"
"1331";"4";"2018-09-12 16:09:00"
"1332";"4";"2018-09-12 17:09:00"
"1333";"4";"2018-09-12 17:09:00"
"1334";"4";"2018-09-12 17:09:00"
"1335";"4";"2018-09-12 17:09:00"
"1336";"4";"2018-09-12 17:09:00"
"1337";"4";"2018-09-12 18:09:00"
"1338";"4";"2018-09-12 18:09:00"
"1339";"4";"2018-09-12 18:09:00"
"1340";"4";"2018-09-12 18:09:00"
"1341";"4";"2018-09-12 18:09:00"
"1342";"4";"2018-09-12 18:09:00"
"1343";"4";"2018-09-12 18:09:00"
"1344";"4";"2018-09-13 13:09:00"
"1345";"4";"2018-09-13 14:09:00"
"1346";"4";"2018-09-13 14:09:00"
"1347";"4";"2018-09-13 14:09:00"
"1348";"4";"2018-09-13 14:09:00"
"1349";"4";"2018-09-13 14:09:00"
"1350";"4";"2018-09-13 14:09:00"
"1351";"4";"2018-09-13 14:09:00"
"1352";"4";"2018-09-13 14:09:00"
"1353";"4";"2018-09-13 15:09:00"
"1354";"4";"2018-09-13 15:09:00"
"1355";"4";"2018-09-13 16:09:00"
"1356";"4";"2018-09-13 17:09:00"
"1357";"4";"2018-09-13 17:09:00"
"1358";"4";"2018-09-13 17:09:00"
"1359";"4";"2018-09-13 17:09:00"
"1360";"4";"2018-09-13 17:09:00"
"1361";"4";"2018-09-13 17:09:00"
"1362";"4";"2018-09-13 18:09:00"
"1363";"4";"2018-09-14 13:09:00"
"1364";"4";"2018-09-14 14:09:00"
"1365";"4";"2018-09-14 14:09:00"
"1366";"4";"2018-09-14 14:09:00"
"1367";"4";"2018-09-14 14:09:00"
"1368";"4";"2018-09-14 14:09:00"
"1369";"4";"2018-09-14 14:09:00"
"1370";"4";"2018-09-14 14:09:00"
"1371";"4";"2018-09-14 14:09:00"
"1372";"4";"2018-09-14 14:09:00"
"1373";"4";"2018-09-14 14:09:00"
"1374";"4";"2018-09-14 14:09:00"
"1375";"4";"2018-09-14 14:09:00"
"1376";"4";"2018-09-14 14:09:00"
"1377";"4";"2018-09-14 14:09:00"
"1378";"4";"2018-09-14 14:09:00"
"1379";"4";"2018-09-14 14:09:00"
"1380";"4";"2018-09-14 14:09:00"
"1381";"4";"2018-09-14 16:09:00"
"1382";"4";"2018-09-14 16:09:00"
"1383";"4";"2018-09-14 16:09:00"
"1384";"4";"2018-09-14 16:09:00"
"1385";"4";"2018-09-14 16:09:00"
"1386";"4";"2018-09-14 16:09:00"
"1387";"4";"2018-09-14 16:09:00"
"1388";"4";"2018-09-14 16:09:00"
"1389";"4";"2018-09-14 16:09:00"
"1390";"4";"2018-09-14 16:09:00"
"1391";"4";"2018-09-14 16:09:00"
"1392";"4";"2018-09-14 16:09:00"
"1393";"4";"2018-09-14 16:09:00"
"1394";"4";"2018-09-14 16:09:00"
"1395";"4";"2018-09-14 16:09:00"
"1396";"4";"2018-09-14 16:09:00"
"1397";"4";"2018-09-14 17:09:00"
"1398";"4";"2018-09-14 17:09:00"
"1399";"4";"2018-09-14 17:09:00"
"1400";"4";"2018-09-14 17:09:00"
"1401";"4";"2018-09-14 17:09:00"
"1402";"4";"2018-09-14 17:09:00"
"1403";"4";"2018-09-14 17:09:00"
"1404";"4";"2018-09-14 18:09:00"
"1405";"4";"2018-09-14 18:09:00"
"1406";"4";"2018-09-14 18:09:00"
"1407";"4";"2018-09-14 18:09:00"
"1408";"4";"2018-09-14 18:09:00"
"1409";"4";"2018-09-14 18:09:00"
"1410";"4";"2018-09-14 18:09:00"
"1411";"4";"2018-09-14 18:09:00"
"1412";"4";"2018-09-14 18:09:00"
"1413";"4";"2018-09-15 09:09:00"
"1414";"4";"2018-09-15 09:09:00"
"1415";"4";"2018-09-15 09:09:00"
"1416";"4";"2018-09-15 09:09:00"
"1417";"4";"2018-09-15 09:09:00"
"1418";"4";"2018-09-15 09:09:00"
"1419";"4";"2018-09-15 10:09:00"
"1420";"4";"2018-09-15 10:09:00"
"1421";"4";"2018-09-15 10:09:00"
"1422";"4";"2018-09-15 10:09:00"
"1423";"4";"2018-09-15 10:09:00"
"1424";"4";"2018-09-15 15:09:00"
"1425";"4";"2018-09-15 17:09:00"
"1426";"4";"2018-09-15 17:09:00"
"1427";"4";"2018-09-15 17:09:00"
"1428";"4";"2018-09-15 17:09:00"
"1429";"4";"2018-09-15 17:09:00"
"1430";"4";"2018-09-15 17:09:00"
"1431";"4";"2018-09-15 17:09:00"
"1432";"4";"2018-09-15 17:09:00"
"1433";"4";"2018-09-15 17:09:00"
"1434";"4";"2018-09-15 17:09:00"
"1435";"4";"2018-09-15 17:09:00"
"1436";"4";"2018-09-15 17:09:00"
"1437";"4";"2018-09-15 17:09:00"
"1438";"4";"2018-09-15 17:09:00"
"1439";"4";"2018-09-15 17:09:00"
"1440";"4";"2018-09-15 17:09:00"
"1441";"4";"2018-09-15 18:09:00"
"1442";"3";"2018-09-17 12:09:00"
"1443";"3";"2018-09-17 12:09:00"
"1444";"3";"2018-09-17 12:09:00"
"1445";"3";"2018-09-17 12:09:00"
"1446";"3";"2018-09-17 12:09:00"
"1447";"3";"2018-09-17 12:09:00"
"1448";"3";"2018-09-17 12:09:00"
"1449";"3";"2018-09-17 12:09:00"
"1450";"3";"2018-09-17 12:09:00"
"1451";"3";"2018-09-17 12:09:00"
"1452";"3";"2018-09-17 12:09:00"
"1453";"3";"2018-09-17 12:09:00"
"1454";"4";"2018-09-17 15:09:00"
"1455";"4";"2018-09-17 15:09:00"
"1456";"4";"2018-09-17 15:09:00"
"1457";"4";"2018-09-17 15:09:00"
"1458";"4";"2018-09-17 15:09:00"
"1459";"4";"2018-09-17 15:09:00"
"1460";"4";"2018-09-17 15:09:00"
"1461";"4";"2018-09-17 16:09:00"
"1462";"4";"2018-09-17 16:09:00"
"1463";"4";"2018-09-17 16:09:00"
"1464";"4";"2018-09-17 16:09:00"
"1465";"4";"2018-09-17 16:09:00"
"1466";"4";"2018-09-17 18:09:00"
"1467";"4";"2018-09-17 18:09:00"
"1468";"4";"2018-09-17 18:09:00"
"1469";"4";"2018-09-17 18:09:00"
"1470";"4";"2018-09-17 18:09:00"
"1471";"4";"2018-09-17 18:09:00"
"1472";"4";"2018-09-17 18:09:00"
"1473";"3";"2018-09-18 14:09:00"
"1474";"3";"2018-09-18 14:09:00"
"1475";"3";"2018-09-18 14:09:00"
"1476";"3";"2018-09-18 14:09:00"
"1477";"3";"2018-09-18 14:09:00"
"1478";"3";"2018-09-18 14:09:00"
"1479";"3";"2018-09-18 14:09:00"
"1480";"3";"2018-09-18 14:09:00"
"1481";"3";"2018-09-18 14:09:00"
"1482";"4";"2018-09-18 15:09:00"
"1483";"4";"2018-09-18 15:09:00"
"1484";"4";"2018-09-18 15:09:00"
"1485";"4";"2018-09-18 15:09:00"
"1486";"4";"2018-09-18 15:09:00"
"1487";"4";"2018-09-18 15:09:00"
"1488";"4";"2018-09-18 15:09:00"
"1489";"3";"2018-09-18 16:09:00"
"1490";"3";"2018-09-18 16:09:00"
"1491";"4";"2018-09-18 18:09:00"
"1492";"4";"2018-09-18 18:09:00"
"1493";"3";"2018-09-19 13:09:00"
"1494";"3";"2018-09-19 13:09:00"
"1495";"3";"2018-09-19 13:09:00"
"1496";"3";"2018-09-19 13:09:00"
"1497";"3";"2018-09-19 13:09:00"
"1498";"3";"2018-09-19 13:09:00"
"1499";"3";"2018-09-19 13:09:00"
"1500";"3";"2018-09-19 13:09:00"
"1501";"3";"2018-09-19 13:09:00"
"1502";"4";"2018-09-19 14:09:00"
"1503";"4";"2018-09-19 14:09:00"
"1504";"4";"2018-09-19 14:09:00"
"1505";"4";"2018-09-19 17:09:00"
"1506";"4";"2018-09-19 17:09:00"
"1507";"4";"2018-09-19 17:09:00"
"1508";"4";"2018-09-19 18:09:00"
"1509";"4";"2018-09-19 18:09:00"
"1510";"4";"2018-09-19 18:09:00"
"1511";"4";"2018-09-19 18:09:00"
"1512";"4";"2018-09-19 18:09:00"
"1513";"4";"2018-09-19 18:09:00"
"1514";"4";"2018-09-19 18:09:00"
"1515";"4";"2018-09-19 18:09:00"
"1516";"4";"2018-09-19 18:09:00"
"1517";"4";"2018-09-19 18:09:00"
"1518";"4";"2018-09-19 18:09:00"
"1519";"4";"2018-09-19 18:09:00"
"1520";"3";"2018-09-20 13:09:00"
"1521";"4";"2018-09-20 15:09:00"
"1522";"3";"2018-09-20 17:09:00"
"1523";"3";"2018-09-20 17:09:00"
"1524";"3";"2018-09-20 17:09:00"
"1525";"3";"2018-09-20 17:09:00"
"1526";"3";"2018-09-20 18:09:00"
"1527";"3";"2018-09-20 18:09:00"
"1528";"4";"2018-09-21 13:09:00"
"1529";"4";"2018-09-21 13:09:00"
"1530";"4";"2018-09-21 13:09:00"
"1531";"4";"2018-09-21 13:09:00"
"1532";"4";"2018-09-21 13:09:00"
"1533";"4";"2018-09-21 13:09:00"
"1534";"4";"2018-09-21 14:09:00"
"1535";"4";"2018-09-21 14:09:00"
"1536";"4";"2018-09-21 14:09:00"
"1537";"4";"2018-09-21 14:09:00"
"1538";"4";"2018-09-21 14:09:00"
"1539";"4";"2018-09-21 14:09:00"
"1540";"4";"2018-09-21 14:09:00"
"1541";"4";"2018-09-21 14:09:00"
"1542";"4";"2018-09-21 14:09:00"
"1543";"4";"2018-09-21 14:09:00"
"1544";"4";"2018-09-21 14:09:00"
"1545";"4";"2018-09-21 14:09:00"
"1546";"4";"2018-09-21 14:09:00"
"1547";"4";"2018-09-21 14:09:00"
"1548";"3";"2018-09-21 14:09:00"
"1549";"3";"2018-09-21 14:09:00"
"1550";"3";"2018-09-21 14:09:00"
"1551";"3";"2018-09-21 14:09:00"
"1552";"3";"2018-09-21 14:09:00"
"1553";"3";"2018-09-21 14:09:00"
"1554";"3";"2018-09-21 14:09:00"
"1555";"3";"2018-09-21 14:09:00"
"1556";"3";"2018-09-21 14:09:00"
"1557";"3";"2018-09-21 14:09:00"
"1558";"3";"2018-09-21 14:09:00"
"1559";"3";"2018-09-21 14:09:00"
"1560";"3";"2018-09-21 14:09:00"
"1561";"3";"2018-09-21 14:09:00"
"1562";"3";"2018-09-21 14:09:00"
"1563";"3";"2018-09-21 14:09:00"
"1564";"3";"2018-09-21 14:09:00"
"1565";"3";"2018-09-21 14:09:00"
"1566";"3";"2018-09-21 14:09:00"
"1567";"3";"2018-09-21 14:09:00"
"1568";"3";"2018-09-21 14:09:00"
"1569";"3";"2018-09-21 14:09:00"
"1570";"3";"2018-09-21 14:09:00"
"1571";"3";"2018-09-21 14:09:00"
"1572";"3";"2018-09-21 14:09:00"
"1573";"3";"2018-09-21 14:09:00"
"1574";"3";"2018-09-21 14:09:00"
"1575";"3";"2018-09-21 14:09:00"
"1576";"3";"2018-09-21 14:09:00"
"1577";"3";"2018-09-21 14:09:00"
"1578";"3";"2018-09-21 14:09:00"
"1579";"3";"2018-09-21 14:09:00"
"1580";"3";"2018-09-21 14:09:00"
"1581";"3";"2018-09-21 14:09:00"
"1582";"3";"2018-09-21 14:09:00"
"1583";"3";"2018-09-21 14:09:00"
"1584";"3";"2018-09-21 14:09:00"
"1585";"3";"2018-09-21 14:09:00"
"1586";"3";"2018-09-21 14:09:00"
"1587";"3";"2018-09-21 14:09:00"
"1588";"3";"2018-09-21 14:09:00"
"1589";"3";"2018-09-21 14:09:00"
"1590";"3";"2018-09-21 14:09:00"
"1591";"3";"2018-09-21 14:09:00"
"1592";"3";"2018-09-21 14:09:00"
"1593";"3";"2018-09-21 14:09:00"
"1594";"3";"2018-09-21 14:09:00"
"1595";"3";"2018-09-21 14:09:00"
"1596";"3";"2018-09-21 14:09:00"
"1597";"3";"2018-09-21 14:09:00"
"1598";"3";"2018-09-21 14:09:00"
"1599";"3";"2018-09-21 14:09:00"
"1600";"3";"2018-09-21 14:09:00"
"1601";"3";"2018-09-21 14:09:00"
"1602";"3";"2018-09-21 14:09:00"
"1603";"3";"2018-09-21 14:09:00"
"1604";"3";"2018-09-21 14:09:00"
"1605";"3";"2018-09-21 14:09:00"
"1606";"3";"2018-09-21 14:09:00"
"1607";"3";"2018-09-21 14:09:00"
"1608";"3";"2018-09-21 14:09:00"
"1609";"3";"2018-09-21 14:09:00"
"1610";"3";"2018-09-21 14:09:00"
"1611";"3";"2018-09-21 14:09:00"
"1612";"3";"2018-09-21 14:09:00"
"1613";"3";"2018-09-21 14:09:00"
"1614";"3";"2018-09-21 14:09:00"
"1615";"3";"2018-09-21 14:09:00"
"1616";"3";"2018-09-21 14:09:00"
"1617";"3";"2018-09-21 14:09:00"
"1618";"3";"2018-09-21 14:09:00"
"1619";"3";"2018-09-21 14:09:00"
"1620";"3";"2018-09-21 14:09:00"
"1621";"3";"2018-09-21 14:09:00"
"1622";"3";"2018-09-21 14:09:00"
"1623";"3";"2018-09-21 14:09:00"
"1624";"3";"2018-09-21 14:09:00"
"1625";"3";"2018-09-21 14:09:00"
"1626";"3";"2018-09-21 14:09:00"
"1627";"3";"2018-09-21 14:09:00"
"1628";"3";"2018-09-21 14:09:00"
"1629";"3";"2018-09-21 14:09:00"
"1630";"3";"2018-09-21 14:09:00"
"1631";"3";"2018-09-21 14:09:00"
"1632";"3";"2018-09-21 14:09:00"
"1633";"3";"2018-09-21 14:09:00"
"1634";"3";"2018-09-21 14:09:00"
"1635";"3";"2018-09-21 14:09:00"
"1636";"3";"2018-09-21 14:09:00"
"1637";"3";"2018-09-21 14:09:00"
"1638";"3";"2018-09-21 14:09:00"
"1639";"3";"2018-09-21 14:09:00"
"1640";"3";"2018-09-21 14:09:00"
"1641";"3";"2018-09-21 14:09:00"
"1642";"3";"2018-09-21 14:09:00"
"1643";"3";"2018-09-21 14:09:00"
"1644";"3";"2018-09-21 14:09:00"
"1645";"3";"2018-09-21 14:09:00"
"1646";"3";"2018-09-21 14:09:00"
"1647";"3";"2018-09-21 14:09:00"
"1648";"3";"2018-09-21 14:09:00"
"1649";"3";"2018-09-21 14:09:00"
"1650";"3";"2018-09-21 14:09:00"
"1651";"3";"2018-09-21 14:09:00"
"1652";"3";"2018-09-21 14:09:00"
"1653";"3";"2018-09-21 14:09:00"
"1654";"3";"2018-09-21 14:09:00"
"1655";"3";"2018-09-21 14:09:00"
"1656";"3";"2018-09-21 14:09:00"
"1657";"3";"2018-09-21 14:09:00"
"1658";"3";"2018-09-21 14:09:00"
"1659";"3";"2018-09-21 14:09:00"
"1660";"3";"2018-09-21 14:09:00"
"1661";"3";"2018-09-21 14:09:00"
"1662";"3";"2018-09-21 14:09:00"
"1663";"3";"2018-09-21 14:09:00"
"1664";"3";"2018-09-21 14:09:00"
"1665";"3";"2018-09-21 14:09:00"
"1666";"3";"2018-09-21 14:09:00"
"1667";"3";"2018-09-21 14:09:00"
"1668";"3";"2018-09-21 14:09:00"
"1669";"3";"2018-09-21 14:09:00"
"1670";"3";"2018-09-21 14:09:00"
"1671";"3";"2018-09-21 14:09:00"
"1672";"3";"2018-09-21 14:09:00"
"1673";"3";"2018-09-21 14:09:00"
"1674";"3";"2018-09-21 14:09:00"
"1675";"3";"2018-09-21 14:09:00"
"1676";"3";"2018-09-21 14:09:00"
"1677";"3";"2018-09-21 14:09:00"
"1678";"3";"2018-09-21 14:09:00"
"1679";"3";"2018-09-21 14:09:00"
"1680";"3";"2018-09-21 14:09:00"
"1681";"3";"2018-09-21 14:09:00"
"1682";"3";"2018-09-21 14:09:00"
"1683";"3";"2018-09-21 14:09:00"
"1684";"3";"2018-09-21 14:09:00"
"1685";"3";"2018-09-21 14:09:00"
"1686";"3";"2018-09-21 14:09:00"
"1687";"3";"2018-09-21 14:09:00"
"1688";"3";"2018-09-21 14:09:00"
"1689";"3";"2018-09-21 14:09:00"
"1690";"3";"2018-09-21 14:09:00"
"1691";"3";"2018-09-21 14:09:00"
"1692";"3";"2018-09-21 14:09:00"
"1693";"3";"2018-09-21 14:09:00"
"1694";"3";"2018-09-21 14:09:00"
"1695";"3";"2018-09-21 14:09:00"
"1696";"3";"2018-09-21 14:09:00"
"1697";"3";"2018-09-21 14:09:00"
"1698";"3";"2018-09-21 14:09:00"
"1699";"3";"2018-09-21 14:09:00"
"1700";"3";"2018-09-21 14:09:00"
"1701";"3";"2018-09-21 14:09:00"
"1702";"3";"2018-09-21 14:09:00"
"1703";"3";"2018-09-21 14:09:00"
"1704";"3";"2018-09-21 14:09:00"
"1705";"3";"2018-09-21 14:09:00"
"1706";"3";"2018-09-21 14:09:00"
"1707";"3";"2018-09-21 14:09:00"
"1708";"3";"2018-09-21 14:09:00"
"1709";"3";"2018-09-21 14:09:00"
"1710";"3";"2018-09-21 14:09:00"
"1711";"3";"2018-09-21 14:09:00"
"1712";"3";"2018-09-21 14:09:00"
"1713";"3";"2018-09-21 14:09:00"
"1714";"3";"2018-09-21 14:09:00"
"1715";"3";"2018-09-21 14:09:00"
"1716";"3";"2018-09-21 14:09:00"
"1717";"3";"2018-09-21 14:09:00"
"1718";"3";"2018-09-21 14:09:00"
"1719";"3";"2018-09-21 14:09:00"
"1720";"3";"2018-09-21 14:09:00"
"1721";"3";"2018-09-21 14:09:00"
"1722";"3";"2018-09-21 14:09:00"
"1723";"3";"2018-09-21 14:09:00"
"1724";"3";"2018-09-21 14:09:00"
"1725";"3";"2018-09-21 14:09:00"
"1726";"3";"2018-09-21 14:09:00"
"1727";"3";"2018-09-21 14:09:00"
"1728";"3";"2018-09-21 14:09:00"
"1729";"3";"2018-09-21 14:09:00"
"1730";"3";"2018-09-21 14:09:00"
"1731";"3";"2018-09-21 14:09:00"
"1732";"3";"2018-09-21 14:09:00"
"1733";"3";"2018-09-21 14:09:00"
"1734";"3";"2018-09-21 15:09:00"
"1735";"3";"2018-09-21 15:09:00"
"1736";"3";"2018-09-21 15:09:00"
"1737";"3";"2018-09-21 15:09:00"
"1738";"3";"2018-09-21 15:09:00"
"1739";"3";"2018-09-21 15:09:00"
"1740";"3";"2018-09-21 15:09:00"
"1741";"3";"2018-09-21 15:09:00"
"1742";"3";"2018-09-21 15:09:00"
"1743";"3";"2018-09-21 15:09:00"
"1744";"3";"2018-09-21 15:09:00"
"1745";"3";"2018-09-21 15:09:00"
"1746";"3";"2018-09-21 15:09:00"
"1747";"3";"2018-09-21 15:09:00"
"1748";"3";"2018-09-21 15:09:00"
"1749";"3";"2018-09-21 15:09:00"
"1750";"3";"2018-09-21 15:09:00"
"1751";"4";"2018-09-21 15:09:00"
"1752";"4";"2018-09-21 16:09:00"
"1753";"4";"2018-09-21 16:09:00"
"1754";"4";"2018-09-21 16:09:00"
"1755";"4";"2018-09-21 16:09:00"
"1756";"4";"2018-09-21 16:09:00"
"1757";"4";"2018-09-21 16:09:00"
"1758";"4";"2018-09-21 16:09:00"
"1759";"4";"2018-09-21 16:09:00"
"1760";"4";"2018-09-21 16:09:00"
"1761";"4";"2018-09-21 16:09:00"
"1762";"4";"2018-09-21 16:09:00"
"1763";"4";"2018-09-21 16:09:00"
"1764";"4";"2018-09-21 16:09:00"
"1765";"4";"2018-09-21 16:09:00"
"1766";"4";"2018-09-21 16:09:00"
"1767";"4";"2018-09-21 16:09:00"
"1768";"4";"2018-09-21 16:09:00"
"1769";"4";"2018-09-21 17:09:00"
"1770";"4";"2018-09-21 17:09:00"
"1771";"4";"2018-09-21 17:09:00"
"1772";"4";"2018-09-21 17:09:00"
"1773";"4";"2018-09-21 17:09:00"
"1774";"4";"2018-09-21 17:09:00"
"1775";"4";"2018-09-21 17:09:00"
"1776";"4";"2018-09-21 17:09:00"
"1777";"4";"2018-09-21 17:09:00"
"1778";"3";"2018-09-21 17:09:00"
"1779";"3";"2018-09-21 17:09:00"
"1780";"3";"2018-09-21 17:09:00"
"1781";"3";"2018-09-21 17:09:00"
"1782";"3";"2018-09-21 17:09:00"
"1783";"3";"2018-09-21 17:09:00"
"1784";"3";"2018-09-21 17:09:00"
"1785";"3";"2018-09-21 17:09:00"
"1786";"3";"2018-09-21 17:09:00"
"1787";"3";"2018-09-21 17:09:00"
"1788";"3";"2018-09-21 17:09:00"
"1789";"3";"2018-09-21 17:09:00"
"1790";"3";"2018-09-21 17:09:00"
"1791";"3";"2018-09-21 17:09:00"
"1792";"3";"2018-09-21 17:09:00"
"1793";"3";"2018-09-21 17:09:00"
"1794";"3";"2018-09-21 17:09:00"
"1795";"3";"2018-09-21 17:09:00"
"1796";"3";"2018-09-21 17:09:00"
"1797";"3";"2018-09-21 17:09:00"
"1798";"3";"2018-09-21 17:09:00"
"1799";"3";"2018-09-21 17:09:00"
"1800";"3";"2018-09-21 17:09:00"
"1801";"3";"2018-09-21 17:09:00"
"1802";"3";"2018-09-21 17:09:00"
"1803";"3";"2018-09-21 17:09:00"
"1804";"3";"2018-09-21 18:09:00"
"1805";"3";"2018-09-21 18:09:00"
"1806";"3";"2018-09-21 18:09:00"
"1807";"3";"2018-09-21 18:09:00"
"1808";"3";"2018-09-21 18:09:00"
"1809";"3";"2018-09-21 18:09:00"
"1810";"3";"2018-09-21 18:09:00"
"1811";"3";"2018-09-21 18:09:00"
"1812";"3";"2018-09-21 18:09:00"
"1813";"3";"2018-09-21 18:09:00"
"1814";"3";"2018-09-21 18:09:00"
"1815";"3";"2018-09-21 18:09:00"
"1816";"3";"2018-09-21 18:09:00"
"1817";"3";"2018-09-21 18:09:00"
"1818";"3";"2018-09-21 18:09:00"
"1819";"3";"2018-09-21 18:09:00"
"1820";"3";"2018-09-21 18:09:00"
"1821";"3";"2018-09-21 18:09:00"
"1822";"3";"2018-09-21 18:09:00"
"1823";"3";"2018-09-21 18:09:00"
"1824";"3";"2018-09-21 18:09:00"
"1825";"3";"2018-09-21 18:09:00"
"1826";"3";"2018-09-21 18:09:00"
"1827";"3";"2018-09-21 18:09:00"
"1828";"3";"2018-09-21 18:09:00"
"1829";"3";"2018-09-21 18:09:00"
"1830";"3";"2018-09-21 18:09:00"
"1831";"3";"2018-09-21 18:09:00"
"1832";"3";"2018-09-21 18:09:00"
"1833";"3";"2018-09-21 18:09:00"
"1834";"3";"2018-09-21 18:09:00"
"1835";"3";"2018-09-21 18:09:00"
"1836";"3";"2018-09-21 18:09:00"
"1837";"3";"2018-09-21 18:09:00"
"1838";"3";"2018-09-21 18:09:00"
"1839";"3";"2018-09-21 18:09:00"
"1840";"3";"2018-09-21 18:09:00"
"1841";"3";"2018-09-21 18:09:00"
"1842";"3";"2018-09-21 18:09:00"
"1843";"3";"2018-09-21 18:09:00"
"1844";"3";"2018-09-21 18:09:00"
"1845";"3";"2018-09-21 18:09:00"
"1846";"3";"2018-09-21 18:09:00"
"1847";"4";"2018-09-22 09:09:00"
"1848";"4";"2018-09-22 12:09:00"
"1849";"4";"2018-09-22 12:09:00"
"1850";"4";"2018-09-22 12:09:00"
"1851";"4";"2018-09-22 12:09:00"
"1852";"4";"2018-09-22 12:09:00"
"1853";"4";"2018-09-22 12:09:00"
"1854";"4";"2018-09-22 12:09:00"
"1855";"4";"2018-09-22 12:09:00"
"1856";"4";"2018-09-22 12:09:00"
"1857";"4";"2018-09-22 14:09:00"
"1858";"4";"2018-09-22 15:09:00"
"1859";"4";"2018-09-22 15:09:00"
"1860";"4";"2018-09-22 15:09:00"
"1861";"4";"2018-09-22 15:09:00"
"1862";"4";"2018-09-22 15:09:00"
"1863";"4";"2018-09-22 15:09:00"
"1864";"4";"2018-09-22 15:09:00"
"1865";"4";"2018-09-22 15:09:00"
"1866";"4";"2018-09-22 15:09:00"
"1867";"4";"2018-09-22 15:09:00"
"1868";"4";"2018-09-22 15:09:00"
"1869";"4";"2018-09-22 15:09:00"
"1870";"4";"2018-09-22 15:09:00"
"1871";"4";"2018-09-22 15:09:00"
"1872";"4";"2018-09-22 17:09:00"
"1873";"4";"2018-09-22 17:09:00"
"1874";"4";"2018-09-24 13:09:00"
"1875";"4";"2018-09-24 14:09:00"
"1876";"4";"2018-09-24 14:09:00"
"1877";"4";"2018-09-24 14:09:00"
"1878";"4";"2018-09-24 14:09:00"
"1879";"4";"2018-09-24 14:09:00"
"1880";"4";"2018-09-24 14:09:00"
"1881";"4";"2018-09-24 14:09:00"
"1882";"4";"2018-09-24 14:09:00"
"1883";"4";"2018-09-24 14:09:00"
"1884";"4";"2018-09-24 14:09:00"
"1885";"4";"2018-09-24 15:09:00"
"1886";"4";"2018-09-24 15:09:00"
"1887";"4";"2018-09-24 15:09:00"
"1888";"4";"2018-09-24 15:09:00"
"1889";"4";"2018-09-24 16:09:00"
"1890";"4";"2018-09-24 16:09:00"
"1891";"4";"2018-09-24 16:09:00"
"1892";"4";"2018-09-24 16:09:00"
"1893";"4";"2018-09-24 16:09:00"
"1894";"4";"2018-09-24 16:09:00"
"1895";"4";"2018-09-24 16:09:00"
"1896";"4";"2018-09-24 16:09:00"
"1897";"4";"2018-09-24 16:09:00"
"1898";"4";"2018-09-24 16:09:00"
"1899";"4";"2018-09-24 16:09:00"
"1900";"4";"2018-09-24 17:09:00"
"1901";"4";"2018-09-24 17:09:00"
"1902";"4";"2018-09-24 17:09:00"
"1903";"4";"2018-09-24 17:09:00"
"1904";"4";"2018-09-24 17:09:00"
"1905";"4";"2018-09-24 17:09:00"
"1906";"4";"2018-09-24 17:09:00"
"1907";"4";"2018-09-24 17:09:00"
"1908";"4";"2018-09-24 17:09:00"
"1909";"4";"2018-09-24 17:09:00"
"1910";"4";"2018-09-24 17:09:00"
"1911";"4";"2018-09-24 17:09:00"
"1912";"4";"2018-09-24 17:09:00"
"1913";"4";"2018-09-24 17:09:00"
"1914";"4";"2018-09-24 17:09:00"
"1915";"4";"2018-09-24 17:09:00"
"1916";"4";"2018-09-24 17:09:00"
"1917";"4";"2018-09-24 17:09:00"
"1918";"4";"2018-09-24 17:09:00"
"1919";"4";"2018-09-24 17:09:00"
"1920";"4";"2018-09-24 17:09:00"
"1921";"4";"2018-09-24 17:09:00"
"1922";"4";"2018-09-24 17:09:00"
"1923";"4";"2018-09-24 17:09:00"
"1924";"3";"2018-09-24 18:09:00"
"1925";"3";"2018-09-25 10:09:00"
"1926";"3";"2018-09-25 10:09:00"
"1927";"3";"2018-09-25 10:09:00"
"1928";"3";"2018-09-25 10:09:00"
"1929";"3";"2018-09-25 10:09:00"
"1930";"3";"2018-09-25 10:09:00"
"1931";"3";"2018-09-25 10:09:00"
"1932";"3";"2018-09-25 10:09:00"
"1933";"3";"2018-09-25 10:09:00"
"1934";"3";"2018-09-25 10:09:00"
"1935";"3";"2018-09-25 10:09:00"
"1936";"3";"2018-09-25 10:09:00"
"1937";"3";"2018-09-25 10:09:00"
"1938";"3";"2018-09-25 10:09:00"
"1939";"3";"2018-09-25 10:09:00"
"1940";"3";"2018-09-25 10:09:00"
"1941";"4";"2018-09-25 13:09:00"
"1942";"4";"2018-09-25 14:09:00"
"1943";"4";"2018-09-25 14:09:00"
"1944";"4";"2018-09-25 14:09:00"
"1945";"4";"2018-09-25 15:09:00"
"1946";"4";"2018-09-25 15:09:00"
"1947";"4";"2018-09-25 15:09:00"
"1948";"4";"2018-09-25 15:09:00"
"1949";"4";"2018-09-25 15:09:00"
"1950";"4";"2018-09-25 15:09:00"
"1951";"4";"2018-09-25 15:09:00"
"1952";"4";"2018-09-25 15:09:00"
"1953";"4";"2018-09-25 15:09:00"
"1954";"4";"2018-09-25 15:09:00"
"1955";"4";"2018-09-25 15:09:00"
"1956";"4";"2018-09-25 15:09:00"
"1957";"4";"2018-09-25 15:09:00"
"1958";"4";"2018-09-25 15:09:00"
"1959";"4";"2018-09-25 15:09:00"
"1960";"4";"2018-09-25 15:09:00"
"1961";"4";"2018-09-25 15:09:00"
"1962";"4";"2018-09-25 17:09:00"
"1963";"4";"2018-09-25 17:09:00"
"1964";"4";"2018-09-25 17:09:00"
"1965";"4";"2018-09-25 17:09:00"
"1966";"4";"2018-09-25 18:09:00"
"1967";"4";"2018-09-25 18:09:00"
"1968";"4";"2018-09-26 14:09:00"
"1969";"4";"2018-09-26 14:09:00"
"1970";"4";"2018-09-26 14:09:00"
"1971";"4";"2018-09-26 14:09:00"
"1972";"4";"2018-09-26 14:09:00"
"1973";"4";"2018-09-26 14:09:00"
"1974";"4";"2018-09-26 14:09:00"
"1975";"4";"2018-09-26 14:09:00"
"1976";"4";"2018-09-26 16:09:00"
"1977";"4";"2018-09-26 16:09:00"
"1978";"4";"2018-09-26 16:09:00"
"1979";"4";"2018-09-26 16:09:00"
"1980";"4";"2018-09-26 16:09:00"
"1981";"4";"2018-09-26 16:09:00"
"1982";"4";"2018-09-26 16:09:00"
"1983";"4";"2018-09-26 16:09:00"
"1984";"4";"2018-09-26 16:09:00"
"1985";"4";"2018-09-26 16:09:00"
"1986";"4";"2018-09-26 16:09:00"
"1987";"4";"2018-09-26 16:09:00"
"1988";"4";"2018-09-26 16:09:00"
"1989";"4";"2018-09-26 16:09:00"
"1990";"4";"2018-09-26 18:09:00"
"1991";"4";"2018-09-26 18:09:00"
"1992";"4";"2018-09-27 14:09:00"
"1993";"4";"2018-09-27 14:09:00"
"1994";"4";"2018-09-27 14:09:00"
"1995";"4";"2018-09-27 14:09:00"
"1996";"4";"2018-09-27 14:09:00"
"1997";"4";"2018-09-27 14:09:00"
"1998";"4";"2018-09-27 14:09:00"
"1999";"4";"2018-09-27 14:09:00"
"2000";"4";"2018-09-27 14:09:00"
"2001";"4";"2018-09-27 14:09:00"
"2002";"4";"2018-09-27 14:09:00"
"2003";"4";"2018-09-27 14:09:00"
"2004";"4";"2018-09-27 14:09:00"
"2005";"4";"2018-09-27 14:09:00"
"2006";"4";"2018-09-27 14:09:00"
"2007";"4";"2018-09-27 14:09:00"
"2008";"3";"2018-09-27 15:09:00"
"2009";"3";"2018-09-27 15:09:00"
"2010";"3";"2018-09-27 15:09:00"
"2011";"3";"2018-09-27 15:09:00"
"2012";"3";"2018-09-27 15:09:00"
"2013";"3";"2018-09-27 15:09:00"
"2014";"3";"2018-09-27 15:09:00"
"2015";"3";"2018-09-27 15:09:00"
"2016";"4";"2018-09-27 15:09:00"
"2017";"4";"2018-09-27 15:09:00"
"2018";"4";"2018-09-27 15:09:00"
"2019";"4";"2018-09-27 16:09:00"
"2020";"4";"2018-09-27 16:09:00"
"2021";"4";"2018-09-27 16:09:00"
"2022";"4";"2018-09-27 16:09:00"
"2023";"4";"2018-09-27 16:09:00"
"2024";"4";"2018-09-27 16:09:00"
"2025";"4";"2018-09-27 16:09:00"
"2026";"3";"2018-09-27 17:09:00"
"2027";"3";"2018-09-27 17:09:00"
"2028";"3";"2018-09-27 17:09:00"
"2029";"3";"2018-09-27 17:09:00"
"2030";"3";"2018-09-27 17:09:00"
"2031";"3";"2018-09-27 17:09:00"
"2032";"3";"2018-09-27 17:09:00"
"2033";"3";"2018-09-27 17:09:00"
"2034";"3";"2018-09-27 17:09:00"
"2035";"3";"2018-09-27 17:09:00"
"2036";"3";"2018-09-27 17:09:00"
"2037";"4";"2018-09-27 17:09:00"
"2038";"4";"2018-09-27 17:09:00"
"2039";"4";"2018-09-27 17:09:00"
"2040";"4";"2018-09-27 17:09:00"
"2041";"4";"2018-09-27 17:09:00"
"2042";"4";"2018-09-27 18:09:00"
"2043";"4";"2018-09-28 13:09:00"
"2044";"4";"2018-09-28 18:09:00"
"2045";"4";"2018-09-29 09:09:00"
"2046";"4";"2018-09-29 11:09:00"
"2047";"4";"2018-09-29 11:09:00"
"2048";"4";"2018-09-29 11:09:00"
"2049";"4";"2018-09-29 11:09:00"
"2050";"4";"2018-09-29 11:09:00"
"2051";"4";"2018-09-29 11:09:00"
"2052";"4";"2018-09-29 11:09:00"
"2053";"4";"2018-09-29 11:09:00"
"2054";"4";"2018-09-29 11:09:00"
"2055";"4";"2018-09-29 11:09:00"
"2056";"4";"2018-09-29 11:09:00"
"2057";"4";"2018-09-29 11:09:00"
"2058";"4";"2018-09-29 11:09:00"
"2059";"4";"2018-09-29 11:09:00"
"2060";"4";"2018-09-29 11:09:00"
"2061";"4";"2018-09-29 11:09:00"
"2062";"4";"2018-09-29 11:09:00"
"2063";"4";"2018-09-29 11:09:00"
"2064";"4";"2018-09-29 11:09:00"
"2065";"4";"2018-09-29 11:09:00"
"2066";"4";"2018-09-29 11:09:00"
"2067";"4";"2018-09-29 11:09:00"
"2068";"3";"2018-09-29 11:09:00"
"2069";"3";"2018-09-29 11:09:00"
"2070";"3";"2018-09-29 11:09:00"
"2071";"3";"2018-09-29 11:09:00"
"2072";"3";"2018-09-29 11:09:00"
"2073";"3";"2018-09-29 11:09:00"
"2074";"3";"2018-09-29 11:09:00"
"2075";"3";"2018-09-29 11:09:00"
"2076";"3";"2018-09-29 11:09:00"
"2077";"3";"2018-09-29 11:09:00"
"2078";"3";"2018-09-29 11:09:00"
"2079";"3";"2018-09-29 11:09:00"
"2080";"3";"2018-09-29 11:09:00"
"2081";"3";"2018-09-29 11:09:00"
"2082";"3";"2018-09-29 11:09:00"
"2083";"3";"2018-09-29 11:09:00"
"2084";"3";"2018-09-29 11:09:00"
"2085";"4";"2018-09-29 11:09:00"
"2086";"4";"2018-09-29 11:09:00"
"2087";"4";"2018-09-29 11:09:00"
"2088";"4";"2018-09-29 11:09:00"
"2089";"4";"2018-09-29 11:09:00"
"2090";"4";"2018-09-29 11:09:00"
"2091";"4";"2018-09-29 11:09:00"
"2092";"4";"2018-09-29 11:09:00"
"2093";"4";"2018-09-29 12:09:00"
"2094";"4";"2018-09-29 12:09:00"
"2095";"4";"2018-09-29 12:09:00"
"2096";"4";"2018-09-29 12:09:00"
"2097";"4";"2018-09-29 12:09:00"
"2098";"4";"2018-09-29 12:09:00"
"2099";"4";"2018-09-29 12:09:00"
"2100";"4";"2018-09-29 12:09:00"
"2101";"4";"2018-09-29 12:09:00"
"2102";"4";"2018-09-29 12:09:00"
"2103";"4";"2018-09-29 12:09:00"
"2104";"4";"2018-09-29 12:09:00"
"2105";"4";"2018-09-29 12:09:00"
"2106";"4";"2018-09-29 12:09:00"
"2107";"4";"2018-09-29 15:09:00"
"2108";"4";"2018-09-29 15:09:00"
"2109";"4";"2018-09-29 15:09:00"
"2110";"4";"2018-09-29 18:09:00"
"2111";"3";"2018-10-02 14:10:00"
"2112";"3";"2018-10-02 14:10:00"
"2113";"3";"2018-10-02 14:10:00"
"2114";"3";"2018-10-02 14:10:00"
"2115";"3";"2018-10-02 14:10:00"
"2116";"3";"2018-10-02 14:10:00"
"2117";"3";"2018-10-02 15:10:00"
"2118";"3";"2018-10-02 15:10:00"
"2119";"3";"2018-10-02 15:10:00"
"2120";"3";"2018-10-02 15:10:00"
"2121";"3";"2018-10-02 15:10:00"
"2122";"3";"2018-10-02 15:10:00"
"2123";"3";"2018-10-02 15:10:00"
"2124";"3";"2018-10-02 15:10:00"
"2125";"3";"2018-10-02 15:10:00"
"2126";"3";"2018-10-02 15:10:00"
"2127";"3";"2018-10-02 15:10:00"
"2128";"3";"2018-10-02 15:10:00"
"2129";"3";"2018-10-02 15:10:00"
"2130";"3";"2018-10-02 15:10:00"
"2131";"4";"2018-10-02 16:10:00"
"2132";"4";"2018-10-02 16:10:00"
"2133";"4";"2018-10-02 16:10:00"
"2134";"4";"2018-10-02 16:10:00"
"2135";"4";"2018-10-02 16:10:00"
"2136";"4";"2018-10-02 16:10:00"
"2137";"4";"2018-10-02 16:10:00"
"2138";"4";"2018-10-02 16:10:00"
"2139";"4";"2018-10-02 16:10:00"
"2140";"4";"2018-10-02 16:10:00"
"2141";"4";"2018-10-02 16:10:00"
"2142";"3";"2018-10-02 18:10:00"
"2143";"3";"2018-10-02 18:10:00"
"2144";"3";"2018-10-02 18:10:00"
"2145";"3";"2018-10-02 18:10:00"
"2146";"3";"2018-10-02 18:10:00"
"2147";"3";"2018-10-02 18:10:00"
"2148";"3";"2018-10-02 18:10:00"
"2149";"3";"2018-10-02 18:10:00"
"2150";"3";"2018-10-02 18:10:00"
"2151";"3";"2018-10-02 18:10:00"
"2152";"3";"2018-10-02 18:10:00"
"2153";"3";"2018-10-02 18:10:00"
"2154";"3";"2018-10-02 18:10:00"
"2155";"3";"2018-10-02 18:10:00"
"2156";"3";"2018-10-02 18:10:00"
"2157";"3";"2018-10-02 18:10:00"
"2158";"3";"2018-10-02 18:10:00"
"2159";"3";"2018-10-02 18:10:00"
"2160";"3";"2018-10-02 18:10:00"
"2161";"3";"2018-10-02 18:10:00"
"2162";"3";"2018-10-02 18:10:00"
"2163";"3";"2018-10-02 18:10:00"
"2164";"3";"2018-10-02 18:10:00"
"2165";"3";"2018-10-02 18:10:00"
"2166";"3";"2018-10-02 18:10:00"
"2167";"3";"2018-10-02 18:10:00"
"2168";"3";"2018-10-02 18:10:00"
"2169";"3";"2018-10-02 18:10:00"
"2170";"3";"2018-10-02 18:10:00"
"2171";"3";"2018-10-02 18:10:00"
"2172";"3";"2018-10-02 18:10:00"
"2173";"3";"2018-10-02 18:10:00"
"2174";"3";"2018-10-02 18:10:00"
"2175";"3";"2018-10-02 18:10:00"
"2176";"3";"2018-10-02 18:10:00"
"2177";"3";"2018-10-02 18:10:00"
"2178";"3";"2018-10-02 18:10:00"
"2179";"3";"2018-10-02 18:10:00"
"2180";"3";"2018-10-02 18:10:00"
"2181";"3";"2018-10-02 18:10:00"
"2182";"3";"2018-10-02 18:10:00"
"2183";"3";"2018-10-02 18:10:00"
"2184";"3";"2018-10-02 18:10:00"
"2185";"3";"2018-10-02 18:10:00"
"2186";"3";"2018-10-02 18:10:00"
"2187";"3";"2018-10-02 18:10:00"
"2188";"3";"2018-10-02 18:10:00"
"2189";"3";"2018-10-02 18:10:00"
"2190";"3";"2018-10-02 19:10:00"
"2191";"3";"2018-10-02 19:10:00"
"2192";"3";"2018-10-02 19:10:00"
"2193";"3";"2018-10-02 19:10:00"
"2194";"3";"2018-10-02 19:10:00"
"2195";"3";"2018-10-02 19:10:00"
"2196";"3";"2018-10-02 19:10:00"
"2197";"3";"2018-10-02 19:10:00"
"2198";"3";"2018-10-02 19:10:00"
"2199";"3";"2018-10-02 19:10:00"
"2200";"3";"2018-10-02 19:10:00"
"2201";"3";"2018-10-02 19:10:00"
"2202";"3";"2018-10-02 19:10:00"
"2203";"3";"2018-10-02 19:10:00"
"2204";"3";"2018-10-02 19:10:00"
"2205";"3";"2018-10-02 19:10:00"
"2206";"3";"2018-10-02 19:10:00"
"2207";"3";"2018-10-02 19:10:00"
"2208";"3";"2018-10-02 19:10:00"
"2209";"3";"2018-10-02 19:10:00"
"2210";"3";"2018-10-02 19:10:00"
"2211";"3";"2018-10-02 19:10:00"
"2212";"3";"2018-10-02 19:10:00"
"2213";"3";"2018-10-02 19:10:00"
"2214";"3";"2018-10-02 19:10:00"
"2215";"3";"2018-10-02 19:10:00"
"2216";"3";"2018-10-02 19:10:00"
"2217";"3";"2018-10-02 19:10:00"
"2218";"3";"2018-10-02 19:10:00"
"2219";"3";"2018-10-02 19:10:00"
"2220";"3";"2018-10-02 19:10:00"
"2221";"3";"2018-10-02 20:10:00"
"2222";"3";"2018-10-02 20:10:00"
"2223";"3";"2018-10-02 20:10:00"
"2224";"3";"2018-10-02 20:10:00"
"2225";"3";"2018-10-02 20:10:00"
"2226";"3";"2018-10-02 20:10:00"
"2227";"3";"2018-10-02 20:10:00"
"2228";"3";"2018-10-02 20:10:00"
"2229";"3";"2018-10-02 20:10:00"
"2230";"3";"2018-10-02 20:10:00"
"2231";"3";"2018-10-02 20:10:00"
"2232";"3";"2018-10-02 20:10:00"
"2233";"3";"2018-10-02 20:10:00"
"2234";"3";"2018-10-02 20:10:00"
"2235";"3";"2018-10-02 20:10:00"
"2236";"3";"2018-10-02 20:10:00"
"2237";"3";"2018-10-02 20:10:00"
"2238";"3";"2018-10-02 20:10:00"
"2239";"3";"2018-10-02 20:10:00"
"2240";"3";"2018-10-02 20:10:00"
"2241";"3";"2018-10-02 20:10:00"
"2242";"3";"2018-10-02 20:10:00"
"2243";"3";"2018-10-02 20:10:00"
"2244";"3";"2018-10-02 20:10:00"
"2245";"3";"2018-10-02 20:10:00"
"2246";"3";"2018-10-03 10:10:00"
"2247";"3";"2018-10-03 11:10:00"
"2248";"3";"2018-10-03 11:10:00"
"2249";"3";"2018-10-03 11:10:00"
"2250";"3";"2018-10-03 11:10:00"
"2251";"3";"2018-10-03 11:10:00"
"2252";"3";"2018-10-03 11:10:00"
"2253";"3";"2018-10-03 11:10:00"
"2254";"3";"2018-10-03 11:10:00"
"2255";"3";"2018-10-03 13:10:00"
"2256";"3";"2018-10-03 13:10:00"
"2257";"3";"2018-10-03 13:10:00"
"2258";"3";"2018-10-03 13:10:00"
"2259";"3";"2018-10-03 13:10:00"
"2260";"3";"2018-10-03 13:10:00"
"2261";"3";"2018-10-03 13:10:00"
"2262";"3";"2018-10-03 13:10:00"
"2263";"3";"2018-10-03 13:10:00"
"2264";"3";"2018-10-03 13:10:00"
"2265";"3";"2018-10-03 13:10:00"
"2266";"3";"2018-10-03 13:10:00"
"2267";"3";"2018-10-03 13:10:00"
"2268";"3";"2018-10-03 13:10:00"
"2269";"3";"2018-10-03 13:10:00"
"2270";"4";"2018-10-03 17:10:00"
"2271";"4";"2018-10-03 17:10:00"
"2272";"4";"2018-10-03 17:10:00"
"2273";"4";"2018-10-03 17:10:00"
"2274";"4";"2018-10-03 17:10:00"
"2275";"4";"2018-10-03 17:10:00"
"2276";"4";"2018-10-03 17:10:00"
"2277";"4";"2018-10-03 17:10:00"
"2278";"4";"2018-10-03 17:10:00"
"2279";"4";"2018-10-03 17:10:00"
"2280";"4";"2018-10-03 17:10:00"
"2281";"4";"2018-10-03 17:10:00"
"2282";"4";"2018-10-03 17:10:00"
"2283";"4";"2018-10-03 17:10:00"
"2284";"4";"2018-10-03 17:10:00"
"2285";"4";"2018-10-03 17:10:00"
"2286";"4";"2018-10-03 17:10:00"
"2287";"4";"2018-10-03 17:10:00"
"2288";"4";"2018-10-03 17:10:00"
"2289";"4";"2018-10-03 17:10:00"
"2290";"4";"2018-10-03 17:10:00"
"2291";"4";"2018-10-03 17:10:00"
"2292";"4";"2018-10-03 17:10:00"
"2293";"4";"2018-10-03 17:10:00"
"2294";"4";"2018-10-03 17:10:00"
"2295";"4";"2018-10-03 17:10:00"
"2296";"4";"2018-10-03 17:10:00"
"2297";"4";"2018-10-03 17:10:00"
"2298";"4";"2018-10-03 17:10:00"
"2299";"4";"2018-10-03 17:10:00"
"2300";"4";"2018-10-03 17:10:00"
"2301";"4";"2018-10-03 17:10:00"
"2302";"4";"2018-10-03 17:10:00"
"2303";"4";"2018-10-03 17:10:00"
"2304";"4";"2018-10-03 18:10:00"
"2305";"4";"2018-10-03 18:10:00"
"2306";"4";"2018-10-03 18:10:00"
"2307";"4";"2018-10-03 18:10:00"
"2308";"4";"2018-10-03 18:10:00"
"2309";"4";"2018-10-03 18:10:00"
"2310";"4";"2018-10-03 18:10:00"
"2311";"4";"2018-10-03 18:10:00"
"2312";"4";"2018-10-03 18:10:00"
"2313";"4";"2018-10-03 18:10:00"
"2314";"4";"2018-10-03 18:10:00"
"2315";"4";"2018-10-03 18:10:00"
"2316";"4";"2018-10-03 18:10:00"
"2317";"4";"2018-10-03 18:10:00"
"2318";"4";"2018-10-03 18:10:00"
"2319";"4";"2018-10-03 18:10:00"
"2320";"4";"2018-10-03 18:10:00"
"2321";"4";"2018-10-03 18:10:00"
"2322";"4";"2018-10-03 18:10:00"
"2323";"4";"2018-10-03 18:10:00"
"2324";"4";"2018-10-03 18:10:00"
"2325";"4";"2018-10-03 18:10:00"
"2326";"4";"2018-10-03 18:10:00"
"2327";"4";"2018-10-03 18:10:00"
"2328";"4";"2018-10-03 18:10:00"
"2329";"4";"2018-10-03 18:10:00"
"2330";"4";"2018-10-03 18:10:00"
"2331";"4";"2018-10-03 18:10:00"
"2332";"4";"2018-10-03 18:10:00"
"2333";"4";"2018-10-03 18:10:00"
"2334";"4";"2018-10-03 18:10:00"
"2335";"4";"2018-10-03 18:10:00"
"2336";"4";"2018-10-03 18:10:00"
"2337";"4";"2018-10-03 18:10:00"
"2338";"4";"2018-10-03 18:10:00"
"2339";"4";"2018-10-03 18:10:00"
"2340";"4";"2018-10-03 18:10:00"
"2341";"4";"2018-10-03 18:10:00"
"2342";"4";"2018-10-03 18:10:00"
"2343";"4";"2018-10-03 18:10:00"
"2344";"4";"2018-10-03 18:10:00"
"2345";"4";"2018-10-03 18:10:00"
"2346";"4";"2018-10-03 18:10:00"
"2347";"4";"2018-10-03 18:10:00"
"2348";"4";"2018-10-03 18:10:00"
"2349";"3";"2018-10-03 18:10:00"
"2350";"3";"2018-10-03 18:10:00"
"2351";"3";"2018-10-03 18:10:00"
"2352";"3";"2018-10-03 18:10:00"
"2353";"3";"2018-10-03 18:10:00"
"2354";"3";"2018-10-03 18:10:00"
"2355";"3";"2018-10-03 18:10:00"
"2356";"3";"2018-10-03 18:10:00"
"2357";"3";"2018-10-03 18:10:00"
"2358";"3";"2018-10-03 18:10:00"
"2359";"3";"2018-10-03 18:10:00"
"2360";"3";"2018-10-03 18:10:00"
"2361";"3";"2018-10-03 18:10:00"
"2362";"3";"2018-10-03 18:10:00"
"2363";"3";"2018-10-03 18:10:00"
"2364";"3";"2018-10-03 18:10:00"
"2365";"3";"2018-10-03 18:10:00"
"2366";"3";"2018-10-03 18:10:00"
"2367";"3";"2018-10-03 18:10:00"
"2368";"3";"2018-10-03 18:10:00"
"2369";"3";"2018-10-03 18:10:00"
"2370";"3";"2018-10-03 18:10:00"
"2371";"3";"2018-10-03 18:10:00"
"2372";"3";"2018-10-03 18:10:00"
"2373";"3";"2018-10-03 18:10:00"
"2374";"3";"2018-10-03 18:10:00"
"2375";"3";"2018-10-03 18:10:00"
"2376";"3";"2018-10-03 18:10:00"
"2377";"3";"2018-10-03 18:10:00"
"2378";"3";"2018-10-03 18:10:00"
"2379";"3";"2018-10-03 18:10:00"
"2380";"3";"2018-10-03 18:10:00"
"2381";"3";"2018-10-03 18:10:00"
"2382";"3";"2018-10-03 18:10:00"
"2383";"3";"2018-10-03 18:10:00"
"2384";"3";"2018-10-04 13:10:00"
"2385";"3";"2018-10-04 13:10:00"
"2386";"3";"2018-10-04 13:10:00"
"2387";"3";"2018-10-04 13:10:00"
"2388";"3";"2018-10-04 13:10:00"
"2389";"3";"2018-10-04 13:10:00"
"2390";"3";"2018-10-04 13:10:00"
"2391";"3";"2018-10-04 13:10:00"
"2392";"3";"2018-10-04 13:10:00"
"2393";"3";"2018-10-04 13:10:00"
"2394";"3";"2018-10-04 13:10:00"
"2395";"3";"2018-10-04 13:10:00"
"2396";"3";"2018-10-04 13:10:00"
"2397";"3";"2018-10-04 13:10:00"
"2398";"3";"2018-10-04 13:10:00"
"2399";"3";"2018-10-04 13:10:00"
"2400";"3";"2018-10-04 13:10:00"
"2401";"3";"2018-10-04 13:10:00"
"2402";"3";"2018-10-04 13:10:00"
"2403";"3";"2018-10-04 13:10:00"
"2404";"3";"2018-10-04 14:10:00"
"2405";"3";"2018-10-04 14:10:00"
"2406";"3";"2018-10-04 14:10:00"
"2407";"3";"2018-10-04 14:10:00"
"2408";"3";"2018-10-04 14:10:00"
"2409";"3";"2018-10-04 14:10:00"
"2410";"3";"2018-10-04 14:10:00"
"2411";"4";"2018-10-04 15:10:00"
"2412";"4";"2018-10-04 15:10:00"
"2413";"4";"2018-10-04 15:10:00"
"2414";"4";"2018-10-04 15:10:00"
"2415";"4";"2018-10-04 16:10:00"
"2416";"4";"2018-10-04 16:10:00"
"2417";"4";"2018-10-04 16:10:00"
"2418";"4";"2018-10-04 16:10:00"
"2419";"4";"2018-10-04 16:10:00"
"2420";"4";"2018-10-04 16:10:00"
"2421";"4";"2018-10-04 16:10:00"
"2422";"4";"2018-10-04 16:10:00"
"2423";"4";"2018-10-04 16:10:00"
"2424";"4";"2018-10-04 16:10:00"
"2425";"4";"2018-10-04 16:10:00"
"2426";"4";"2018-10-04 16:10:00"
"2427";"4";"2018-10-04 16:10:00"
"2428";"4";"2018-10-04 16:10:00"
"2429";"4";"2018-10-04 16:10:00"
"2430";"4";"2018-10-04 16:10:00"
"2431";"4";"2018-10-04 16:10:00"
"2432";"4";"2018-10-04 16:10:00"
"2433";"4";"2018-10-04 16:10:00"
"2434";"4";"2018-10-04 16:10:00"
"2435";"4";"2018-10-04 16:10:00"
"2436";"4";"2018-10-04 16:10:00"
"2437";"4";"2018-10-04 16:10:00"
"2438";"4";"2018-10-04 16:10:00"
"2439";"4";"2018-10-04 16:10:00"
"2440";"4";"2018-10-04 18:10:00"
"2441";"3";"2018-10-05 13:10:00"
"2442";"3";"2018-10-05 13:10:00"
"2443";"3";"2018-10-05 14:10:00"
"2444";"3";"2018-10-05 14:10:00"
"2445";"3";"2018-10-05 14:10:00"
"2446";"3";"2018-10-05 14:10:00"
"2447";"3";"2018-10-05 14:10:00"
"2448";"3";"2018-10-05 14:10:00"
"2449";"3";"2018-10-05 14:10:00"
"2450";"3";"2018-10-05 14:10:00"
"2451";"3";"2018-10-05 14:10:00"
"2452";"3";"2018-10-05 14:10:00"
"2453";"3";"2018-10-05 14:10:00"
"2454";"3";"2018-10-05 14:10:00"
"2455";"3";"2018-10-05 14:10:00"
"2456";"3";"2018-10-05 14:10:00"
"2457";"3";"2018-10-05 14:10:00"
"2458";"3";"2018-10-05 14:10:00"
"2459";"3";"2018-10-05 14:10:00"
"2460";"3";"2018-10-05 14:10:00"
"2461";"3";"2018-10-05 14:10:00"
"2462";"3";"2018-10-05 14:10:00"
"2463";"3";"2018-10-05 14:10:00"
"2464";"3";"2018-10-05 14:10:00"
"2465";"3";"2018-10-05 15:10:00"
"2466";"3";"2018-10-05 15:10:00"
"2467";"3";"2018-10-05 15:10:00"
"2468";"3";"2018-10-05 15:10:00"
"2469";"3";"2018-10-05 15:10:00"
"2470";"3";"2018-10-05 15:10:00"
"2471";"3";"2018-10-05 15:10:00"
"2472";"3";"2018-10-05 15:10:00"
"2473";"3";"2018-10-05 15:10:00"
"2474";"3";"2018-10-05 15:10:00"
"2475";"3";"2018-10-05 15:10:00"
"2476";"3";"2018-10-05 15:10:00"
"2477";"3";"2018-10-05 15:10:00"
"2478";"3";"2018-10-05 15:10:00"
"2479";"3";"2018-10-05 15:10:00"
"2480";"3";"2018-10-05 15:10:00"
"2481";"3";"2018-10-05 15:10:00"
"2482";"3";"2018-10-05 15:10:00"
"2483";"3";"2018-10-05 15:10:00"
"2484";"3";"2018-10-05 15:10:00"
"2485";"3";"2018-10-05 15:10:00"
"2486";"3";"2018-10-05 15:10:00"
"2487";"3";"2018-10-05 15:10:00"
"2488";"3";"2018-10-05 15:10:00"
"2489";"3";"2018-10-05 15:10:00"
"2490";"3";"2018-10-05 15:10:00"
"2491";"3";"2018-10-05 15:10:00"
"2492";"3";"2018-10-05 15:10:00"
"2493";"3";"2018-10-05 15:10:00"
"2494";"3";"2018-10-05 15:10:00"
"2495";"3";"2018-10-05 15:10:00"
"2496";"3";"2018-10-05 15:10:00"
"2497";"3";"2018-10-05 15:10:00"
"2498";"3";"2018-10-05 15:10:00"
"2499";"3";"2018-10-05 15:10:00"
"2500";"3";"2018-10-05 15:10:00"
"2501";"3";"2018-10-05 15:10:00"
"2502";"3";"2018-10-05 15:10:00"
"2503";"3";"2018-10-05 15:10:00"
"2504";"3";"2018-10-05 15:10:00"
"2505";"3";"2018-10-05 15:10:00"
"2506";"4";"2018-10-05 15:10:00"
"2507";"4";"2018-10-05 15:10:00"
"2508";"4";"2018-10-05 15:10:00"
"2509";"4";"2018-10-05 15:10:00"
"2510";"4";"2018-10-05 15:10:00"
"2511";"4";"2018-10-05 15:10:00"
"2512";"4";"2018-10-05 15:10:00"
"2513";"4";"2018-10-05 15:10:00"
"2514";"4";"2018-10-05 15:10:00"
"2515";"4";"2018-10-05 15:10:00"
"2516";"4";"2018-10-05 15:10:00"
"2517";"4";"2018-10-05 15:10:00"
"2518";"4";"2018-10-05 15:10:00"
"2519";"4";"2018-10-05 15:10:00"
"2520";"4";"2018-10-05 15:10:00"
"2521";"4";"2018-10-05 15:10:00"
"2522";"4";"2018-10-05 15:10:00"
"2523";"4";"2018-10-05 15:10:00"
"2524";"3";"2018-10-05 16:10:00"
"2525";"3";"2018-10-05 16:10:00"
"2526";"3";"2018-10-05 16:10:00"
"2527";"3";"2018-10-05 16:10:00"
"2528";"3";"2018-10-05 16:10:00"
"2529";"3";"2018-10-05 16:10:00"
"2530";"3";"2018-10-05 16:10:00"
"2531";"3";"2018-10-05 16:10:00"
"2532";"3";"2018-10-05 16:10:00"
"2533";"3";"2018-10-05 16:10:00"
"2534";"3";"2018-10-05 16:10:00"
"2535";"3";"2018-10-05 16:10:00"
"2536";"4";"2018-10-05 16:10:00"
"2537";"4";"2018-10-05 16:10:00"
"2538";"3";"2018-10-05 18:10:00"
"2539";"3";"2018-10-05 18:10:00"
"2540";"3";"2018-10-05 18:10:00"
"2541";"3";"2018-10-05 18:10:00"
"2542";"3";"2018-10-05 18:10:00"
"2543";"3";"2018-10-05 18:10:00"
"2544";"3";"2018-10-05 18:10:00"
"2545";"3";"2018-10-05 18:10:00"
"2546";"3";"2018-10-05 18:10:00"
"2547";"3";"2018-10-05 18:10:00"
"2548";"3";"2018-10-05 18:10:00"
"2549";"3";"2018-10-05 18:10:00"
"2550";"3";"2018-10-05 18:10:00"
"2551";"3";"2018-10-05 18:10:00"
"2552";"3";"2018-10-05 18:10:00"
"2553";"3";"2018-10-05 18:10:00"
"2554";"3";"2018-10-05 18:10:00"
"2555";"3";"2018-10-05 18:10:00"
"2556";"3";"2018-10-05 18:10:00"
"2557";"3";"2018-10-05 18:10:00"
"2558";"3";"2018-10-05 18:10:00"
"2559";"3";"2018-10-05 18:10:00"
"2560";"3";"2018-10-05 18:10:00"
"2561";"3";"2018-10-05 18:10:00"
"2562";"3";"2018-10-05 18:10:00"
"2563";"4";"2018-10-06 08:10:00"
"2564";"4";"2018-10-06 08:10:00"
"2565";"4";"2018-10-06 08:10:00"
"2566";"4";"2018-10-06 08:10:00"
"2567";"3";"2018-10-06 09:10:00"
"2568";"3";"2018-10-06 09:10:00"
"2569";"3";"2018-10-06 09:10:00"
"2570";"3";"2018-10-06 09:10:00"
"2571";"3";"2018-10-06 09:10:00"
"2572";"3";"2018-10-06 09:10:00"
"2573";"3";"2018-10-06 09:10:00"
"2574";"3";"2018-10-06 09:10:00"
"2575";"3";"2018-10-06 09:10:00"
"2576";"3";"2018-10-06 09:10:00"
"2577";"3";"2018-10-06 09:10:00"
"2578";"3";"2018-10-06 09:10:00"
"2579";"3";"2018-10-06 09:10:00"
"2580";"3";"2018-10-06 09:10:00"
"2581";"3";"2018-10-06 10:10:00"
"2582";"3";"2018-10-06 10:10:00"
"2583";"3";"2018-10-06 10:10:00"
"2584";"3";"2018-10-06 10:10:00"
"2585";"3";"2018-10-06 10:10:00"
"2586";"3";"2018-10-06 10:10:00"
"2587";"3";"2018-10-06 10:10:00"
"2588";"3";"2018-10-06 10:10:00"
"2589";"3";"2018-10-06 10:10:00"
"2590";"3";"2018-10-06 10:10:00"
"2591";"3";"2018-10-06 10:10:00"
"2592";"3";"2018-10-06 10:10:00"
"2593";"3";"2018-10-06 10:10:00"
"2594";"3";"2018-10-06 10:10:00"
"2595";"3";"2018-10-06 10:10:00"
"2596";"3";"2018-10-06 10:10:00"
"2597";"3";"2018-10-06 10:10:00"
"2598";"3";"2018-10-06 10:10:00"
"2599";"3";"2018-10-06 10:10:00"
"2600";"3";"2018-10-06 10:10:00"
"2601";"3";"2018-10-06 11:10:00"
"2602";"3";"2018-10-06 11:10:00"
"2603";"3";"2018-10-06 11:10:00"
"2604";"3";"2018-10-06 11:10:00"
"2605";"3";"2018-10-06 11:10:00"
"2606";"3";"2018-10-06 12:10:00"
"2607";"4";"2018-10-06 12:10:00"
"2608";"4";"2018-10-06 12:10:00"
"2609";"4";"2018-10-06 12:10:00"
"2610";"4";"2018-10-06 12:10:00"
"2611";"4";"2018-10-06 13:10:00"
"2612";"4";"2018-10-06 13:10:00"
"2613";"4";"2018-10-06 13:10:00"
"2614";"4";"2018-10-06 13:10:00"
"2615";"4";"2018-10-06 13:10:00"
"2616";"4";"2018-10-06 13:10:00"
"2617";"4";"2018-10-06 13:10:00"
"2618";"3";"2018-10-06 14:10:00"
"2619";"3";"2018-10-06 14:10:00"
"2620";"4";"2018-10-06 16:10:00"
"2621";"4";"2018-10-06 16:10:00"
"2622";"4";"2018-10-06 16:10:00"
"2623";"4";"2018-10-06 16:10:00"
"2624";"3";"2018-10-08 14:10:00"
"2625";"3";"2018-10-08 14:10:00"
"2626";"3";"2018-10-08 14:10:00"
"2627";"3";"2018-10-08 14:10:00"
"2628";"3";"2018-10-08 17:10:00"
"2629";"3";"2018-10-08 17:10:00"
"2630";"3";"2018-10-08 17:10:00"
"2631";"3";"2018-10-08 17:10:00"
"2632";"3";"2018-10-08 17:10:00"
"2633";"3";"2018-10-08 17:10:00"
"2634";"3";"2018-10-08 17:10:00"
"2635";"3";"2018-10-08 17:10:00"
"2636";"3";"2018-10-08 17:10:00"
"2637";"3";"2018-10-08 17:10:00"
