"idpedido";"titulo";"vencimento";"tipo_pagamento";"data_compra";"pagamento";"valorbruto";"valorliquid";"saldo";"parcela";"idclientes";"idcolaborador"
"1";"084CCF2";"2018-04-02";"CRD";"2018-04-02";"0000-00-00";"80";"80";"0";"1";"22";"3"
"2";"43D61B6";"2018-04-02";"CRD";"2018-04-02";"0000-00-00";"216";"216";"-134";"1";"23";"3"
"4";"1D36557";"2018-04-02";"CRD";"2018-04-02";"0000-00-00";"1150";"1150";"0";"1";"11";"3"
"5";"BCF95E4";"2018-04-02";"CRD";"2018-04-02";"0000-00-00";"977";"977";"127";"1";"6";"3"
"6";"6DE6F77";"2018-04-02";"CRD";"2018-04-02";"0000-00-00";"753";"753";"0";"1";"5";"3"
"7";"17A3967";"2018-04-02";"CRD";"2018-04-02";"0000-00-00";"0";"0";"0";"1";"0";"3"
"8";"9DE498C";"2018-04-02";"CRD";"2018-04-02";"0000-00-00";"409";"409";"209";"1";"10";"3"
"9";"83664BC";"2018-04-02";"CRD";"2018-04-02";"0000-00-00";"437";"437";"0";"1";"28";"3"
"10";"C3E52A0";"2018-04-02";"CRD";"2018-04-02";"0000-00-00";"518";"518";"368";"1";"43";"3"
"11";"6616ACB";"2018-04-02";"CRD";"2018-04-02";"0000-00-00";"59";"59";"0";"1";"27";"3"
"12";"8E2787B";"2018-04-02";"CRD";"2018-04-02";"0000-00-00";"407";"407";"179";"1";"30";"3"
"13";"AD26350";"2018-04-02";"CRD";"2018-04-02";"0000-00-00";"518";"518";"268";"1";"31";"3"
"14";"94E5778";"2018-04-02";"CRD";"2018-04-02";"0000-00-00";"59";"59";"59";"1";"32";"3"
"15";"55491A0";"2018-04-02";"CRD";"2018-04-02";"0000-00-00";"72";"72";"0";"1";"34";"3"
"16";"3E72F54";"2018-04-02";"CRD";"2018-04-02";"0000-00-00";"1322";"1322";"1322";"1";"36";"3"
"17";"F721520";"2018-04-02";"CRD";"2018-04-02";"0000-00-00";"0";"0";"0";"1";"0";"3"
"18";"D11E0EA";"2018-04-02";"CRD";"2018-04-02";"0000-00-00";"288";"288";"0";"1";"82";"3"
"19";"6FC2AD3";"2018-04-02";"CRD";"2018-04-02";"0000-00-00";"49";"49";"0";"1";"79";"3"
"20";"846E66B";"2018-04-02";"CRD";"2018-04-02";"0000-00-00";"235";"235";"0";"1";"75";"3"
"21";"FC305A1";"2018-04-02";"CRD";"2018-04-02";"0000-00-00";"915";"915";"665";"1";"55";"3"
"22";"0A92E06";"2018-04-02";"CRD";"2018-04-02";"2018-08-15";"1009";"1009";"0";"1";"83";"3"
"23";"64A3A99";"2018-04-02";"CRD";"2018-04-02";"0000-00-00";"70";"70";"-130";"1";"49";"3"
"24";"FD47DE8";"2018-04-02";"CRD";"2018-04-02";"0000-00-00";"179";"179";"0";"1";"48";"3"
"25";"81D9447";"2018-04-02";"CRD";"2018-04-02";"0000-00-00";"276";"276";"0";"1";"51";"3"
"26";"AADB24D";"2018-04-02";"CRD";"2018-04-02";"0000-00-00";"0";"0";"0";"1";"0";"3"
"27";"3FFCC19";"2018-04-02";"CRD";"2018-04-02";"0000-00-00";"52";"52";"52";"1";"52";"3"
"28";"B653819";"2018-04-02";"CRD";"2018-04-02";"0000-00-00";"62";"62";"0";"1";"53";"3"
"29";"786FACF";"2018-04-02";"CRD";"2018-04-02";"0000-00-00";"162";"162";"112";"1";"107";"3"
"30";"443A793";"2018-04-02";"CRD";"2018-04-02";"0000-00-00";"225";"225";"163.6";"1";"101";"3"
"32";"C0A73F4";"2018-04-02";"CRD";"2018-04-02";"0000-00-00";"349";"349";"0";"1";"105";"3"
"33";"1C005E0";"2018-04-02";"CRD";"2018-04-02";"0000-00-00";"200";"200";"0";"1";"104";"3"
"34";"24B07B1";"2018-04-02";"CRD";"2018-04-02";"0000-00-00";"461";"461";"0";"1";"106";"3"
"35";"CD123B3";"2018-04-02";"CRD";"2018-04-02";"0000-00-00";"400";"400";"0";"1";"92";"3"
"36";"6C4CB21";"2018-04-02";"CRD";"2018-04-02";"0000-00-00";"140";"140";"0";"1";"100";"3"
"37";"860FCD4";"2018-04-02";"CRD";"2018-04-02";"0000-00-00";"359";"359";"0";"1";"99";"3"
"38";"8263F98";"2018-04-02";"CRD";"2018-04-02";"0000-00-00";"538";"538";"0";"1";"87";"3"
"39";"8A03898";"2018-04-02";"CRD";"2018-04-02";"0000-00-00";"50";"50";"0";"1";"86";"3"
"41";"1404785";"2018-04-02";"CRD";"2018-04-02";"0000-00-00";"374";"374";"284.1";"1";"392";"3"
"42";"876A9DD";"2018-04-02";"CRD";"2018-04-02";"0000-00-00";"203";"203";"0";"1";"85";"3"
"43";"9BC52B2";"2018-04-02";"CRD";"2018-04-02";"0000-00-00";"435";"435";"285";"1";"115";"3"
"44";"5702C46";"2018-04-02";"CRD";"2018-04-02";"0000-00-00";"0";"0";"0";"1";"0";"3"
"45";"1550D1E";"2018-04-02";"CRD";"2018-04-02";"0000-00-00";"533";"533";"0";"1";"111";"3"
"46";"D64312B";"2018-04-02";"CRD";"2018-04-02";"0000-00-00";"80";"80";"0";"1";"110";"3"
"47";"2DC045E";"2018-04-02";"CRD";"2018-04-02";"0000-00-00";"429";"429";"0";"1";"138";"3"
"48";"78F5DDE";"2018-04-02";"CRD";"2018-04-02";"0000-00-00";"561";"561";"111";"1";"129";"3"
"49";"D1B800B";"2018-04-02";"CRD";"2018-04-02";"0000-00-00";"367";"367";"187";"1";"148";"3"
"50";"55B0A82";"2018-04-02";"CRD";"2018-04-02";"0000-00-00";"1197";"1197";"597";"1";"152";"3"
"51";"2758093";"2018-04-02";"CRD";"2018-04-02";"0000-00-00";"459";"459";"0";"1";"153";"3"
"52";"DB104B8";"2018-04-02";"CRD";"2018-04-02";"0000-00-00";"550";"550";"400";"1";"154";"3"
"53";"F7727E8";"2018-04-02";"CRD";"2018-04-02";"0000-00-00";"486";"486";"186";"1";"390";"3"
"54";"3E407AA";"2018-04-02";"CRD";"2018-04-02";"0000-00-00";"271";"271";"271";"1";"156";"3"
"55";"6D6DB3F";"2018-04-02";"CRD";"2018-04-02";"0000-00-00";"295";"295";"0";"1";"158";"3"
"56";"2E54759";"2018-04-02";"CRD";"2018-04-02";"0000-00-00";"209";"209";"0";"1";"159";"3"
"57";"82A0D2B";"2018-04-02";"CRD";"2018-04-02";"0000-00-00";"709";"709";"250";"1";"162";"3"
"58";"5B91AE7";"2018-04-02";"CRD";"2018-04-02";"0000-00-00";"70";"70";"0";"1";"163";"3"
"59";"42497D2";"2018-04-02";"CRD";"2018-04-02";"0000-00-00";"478";"478";"0";"1";"164";"3"
"60";"0F611D6";"2018-04-02";"CRD";"2018-04-02";"0000-00-00";"589";"589";"0";"1";"165";"3"
"61";"062C97B";"2018-04-02";"CRD";"2018-04-02";"0000-00-00";"108";"108";"0";"1";"166";"3"
"62";"66F74F3";"2018-04-02";"CRD";"2018-04-02";"0000-00-00";"122";"122";"0";"1";"168";"3"
"63";"36C288E";"2018-04-02";"CRD";"2018-04-02";"2018-04-04";"80";"80";"0";"1";"169";"3"
"64";"22B3AEE";"2018-04-02";"CRD";"2018-04-02";"0000-00-00";"459";"459";"0";"1";"170";"3"
"65";"D1641BE";"2018-04-02";"CRD";"2018-04-02";"0000-00-00";"776";"776";"626";"1";"175";"3"
"66";"1A461F7";"2018-04-02";"CRD";"2018-04-02";"0000-00-00";"458";"458";"158";"1";"180";"3"
"67";"51E61E0";"2018-04-02";"CRD";"2018-04-02";"0000-00-00";"255";"255";"0";"1";"178";"3"
"68";"6D4758B";"2018-04-02";"CRD";"2018-04-02";"0000-00-00";"806";"806";"106";"1";"181";"3"
"69";"F57C871";"2018-04-02";"CRD";"2018-04-02";"0000-00-00";"566";"566";"316";"1";"182";"3"
"70";"5F3A757";"2018-04-02";"CRD";"2018-04-02";"0000-00-00";"306";"306";"0";"1";"203";"3"
"71";"1850E15";"2018-04-02";"CRD";"2018-04-02";"0000-00-00";"109";"109";"109";"1";"202";"3"
"72";"7FCBCBD";"2018-04-02";"CRD";"2018-04-02";"0000-00-00";"289";"289";"0";"1";"183";"3"
"73";"8BD2B53";"2018-04-02";"CRD";"2018-04-02";"0000-00-00";"95";"95";"0";"1";"197";"3"
"74";"DEE9A2E";"2018-04-02";"CRD";"2018-04-02";"0000-00-00";"49";"49";"0";"1";"191";"3"
"75";"E75A6BB";"2018-04-02";"CRD";"2018-04-02";"0000-00-00";"100";"100";"0";"1";"187";"3"
"76";"C8AA045";"2018-04-02";"CRD";"2018-04-02";"0000-00-00";"330";"330";"0";"1";"237";"3"
"77";"9B0F94D";"2018-04-02";"CRD";"2018-04-02";"0000-00-00";"50";"50";"0";"1";"239";"3"
"78";"63E0C25";"2018-04-02";"CRD";"2018-04-02";"0000-00-00";"126";"126";"0";"1";"242";"3"
"79";"05E34CD";"2018-04-02";"CRD";"2018-04-02";"0000-00-00";"686";"686";"0";"1";"256";"3"
"80";"60CF56F";"2018-04-02";"CRD";"2018-04-02";"0000-00-00";"59";"59";"0";"1";"204";"3"
"81";"F24D739";"2018-04-02";"CRD";"2018-04-02";"0000-00-00";"91";"91";"91";"1";"212";"3"
"82";"57572FA";"2018-04-02";"CRD";"2018-04-02";"0000-00-00";"633";"633";"0";"1";"264";"3"
"83";"786CA8C";"2018-04-02";"CRD";"2018-04-02";"0000-00-00";"267";"267";"0";"1";"265";"3"
"84";"422420C";"2018-04-02";"CRD";"2018-04-02";"0000-00-00";"343";"343";"0";"1";"272";"3"
"85";"4DABFA6";"2018-04-02";"CRD";"2018-04-02";"0000-00-00";"1014";"1014";"0";"1";"274";"3"
"86";"25CD40F";"2018-04-02";"CRD";"2018-04-02";"0000-00-00";"718";"718";"0";"1";"275";"3"
"87";"9354824";"2018-04-02";"CRD";"2018-04-02";"0000-00-00";"207";"207";"0";"1";"298";"3"
"88";"ECC705F";"2018-04-02";"CRD";"2018-04-02";"0000-00-00";"65";"65";"0";"1";"291";"3"
"89";"52B68F2";"2018-04-02";"CRD";"2018-04-02";"0000-00-00";"946";"946";"946";"1";"290";"3"
"90";"DDACF5C";"2018-04-02";"CRD";"2018-04-02";"0000-00-00";"359";"359";"359";"1";"289";"3"
"91";"2B2B26D";"2018-04-02";"CRD";"2018-04-02";"0000-00-00";"469";"469";"169";"1";"288";"3"
"92";"BE2AEE5";"2018-04-02";"CRD";"2018-04-02";"0000-00-00";"110";"110";"0";"1";"287";"3"
"93";"08560F8";"2018-04-02";"CRD";"2018-04-02";"0000-00-00";"145";"145";"145";"1";"286";"3"
"94";"391DE92";"2018-04-02";"CRD";"2018-04-02";"0000-00-00";"927";"927";"0";"1";"321";"3"
"95";"767E1CD";"2018-04-02";"CRD";"2018-04-02";"0000-00-00";"285";"285";"0";"1";"320";"3"
"96";"CBA23DE";"2018-04-02";"CRD";"2018-04-02";"0000-00-00";"884";"884";"0";"1";"319";"3"
"97";"2804847";"2018-04-02";"CRD";"2018-04-02";"0000-00-00";"85";"85";"0";"1";"315";"3"
"98";"E2B6F2A";"2018-04-02";"CRD";"2018-04-02";"0000-00-00";"121";"121";"0";"1";"314";"3"
"99";"1B774CE";"2018-04-02";"CRD";"2018-04-02";"0000-00-00";"0";"0";"0";"1";"0";"3"
"100";"5A1A094";"2018-04-02";"CRD";"2018-04-02";"0000-00-00";"547";"547";"0";"1";"313";"3"
"101";"FF31A9F";"2018-04-02";"CRD";"2018-04-02";"0000-00-00";"1069";"1069";"69";"1";"312";"3"
"102";"1AF3AE9";"2018-04-02";"CRD";"2018-04-02";"0000-00-00";"278";"278";"0";"1";"311";"3"
"103";"468C597";"2018-04-02";"CRD";"2018-04-02";"0000-00-00";"241";"241";"0";"1";"310";"3"
"104";"A6AE235";"2018-04-02";"CRD";"2018-04-02";"0000-00-00";"200";"200";"0";"1";"323";"3"
"105";"D0B7686";"2018-04-02";"CRD";"2018-04-02";"0000-00-00";"209";"209";"0";"1";"378";"3"
"106";"39026AA";"2018-04-02";"CRD";"2018-04-02";"0000-00-00";"368";"368";"0";"1";"366";"3"
"107";"356ADF8";"2018-04-02";"CRD";"2018-04-02";"0000-00-00";"429";"429";"29";"1";"337";"3"
"108";"0BB3E47";"2018-04-02";"CRD";"2018-04-02";"0000-00-00";"368";"368";"268";"1";"340";"3"
"109";"A1A7349";"2018-04-02";"CRD";"2018-04-02";"0000-00-00";"247";"247";"0";"1";"341";"3"
"110";"F10EDCB";"2018-04-02";"CRD";"2018-04-02";"0000-00-00";"411";"411";"0";"1";"342";"3"
"111";"F4AF4D9";"2018-04-02";"CRD";"2018-04-02";"0000-00-00";"100";"100";"0";"1";"343";"3"
"112";"40FCB74";"2018-04-02";"CRD";"2018-04-02";"0000-00-00";"100";"100";"100";"1";"344";"3"
"113";"3A52A91";"2018-04-02";"CRD";"2018-04-02";"0000-00-00";"30";"30";"0";"1";"345";"3"
"114";"3A5D5B9";"2018-04-02";"CRD";"2018-04-02";"0000-00-00";"218";"218";"218";"1";"351";"3"
"115";"633F64E";"2018-04-02";"CRD";"2018-04-02";"0000-00-00";"210";"210";"0";"1";"352";"3"
"116";"92D560E";"2018-04-02";"CRD";"2018-04-02";"0000-00-00";"48";"48";"0";"1";"281";"3"
"117";"C82FD51";"2018-04-02";"CRD";"2018-04-02";"0000-00-00";"394";"394";"0";"1";"368";"3"
"118";"4839A11";"2018-04-02";"CRD";"2018-04-02";"0000-00-00";"260";"260";"160";"1";"370";"3"
"119";"20A44D4";"2018-04-02";"CRD";"2018-04-02";"0000-00-00";"758";"758";"558";"1";"371";"3"
"120";"1169F23";"2018-04-02";"CRD";"2018-04-02";"0000-00-00";"55";"55";"55";"1";"374";"3"
"121";"FCCF7FF";"2018-04-02";"CRD";"2018-04-02";"0000-00-00";"572";"572";"0";"1";"205";"3"
"122";"3FB39B8";"2018-04-02";"CRD";"2018-04-02";"0000-00-00";"78";"78";"0";"1";"206";"3"
"123";"9D99084";"2018-04-02";"CRD";"2018-04-02";"0000-00-00";"547";"547";"0";"1";"207";"3"
"124";"CA3070C";"2018-04-02";"CRD";"2018-04-02";"0000-00-00";"80";"80";"80";"1";"208";"3"
"125";"6A2750B";"2018-04-02";"CRD";"2018-04-02";"0000-00-00";"138";"138";"138";"1";"210";"3"
"126";"6F9F39F";"2018-04-02";"CRD";"2018-04-02";"0000-00-00";"99";"99";"0";"1";"299";"3"
"127";"7839939";"2018-04-02";"CRD";"2018-04-02";"0000-00-00";"668";"668";"668";"1";"301";"3"
"128";"9963915";"2018-04-02";"CRD";"2018-04-02";"0000-00-00";"192";"192";"0";"1";"304";"3"
"129";"3BEE132";"2018-04-02";"CRD";"2018-04-02";"0000-00-00";"189";"189";"0";"1";"305";"3"
"130";"5C35C07";"2018-04-03";"CRD";"2018-04-03";"0000-00-00";"200";"200";"0";"1";"225";"3"
"131";"7B0A067";"2018-04-03";"CRD";"2018-04-03";"0000-00-00";"272";"272";"0";"1";"226";"3"
"132";"C5B5143";"2018-04-03";"CRD";"2018-04-03";"0000-00-00";"297";"297";"0";"1";"227";"3"
"133";"34D42DC";"2018-04-03";"CRD";"2018-04-03";"0000-00-00";"90";"90";"0";"1";"233";"3"
"134";"89464CD";"2018-04-03";"CRD";"2018-04-03";"0000-00-00";"179";"179";"0";"1";"234";"3"
"135";"E1F92F9";"2018-04-04";"CRD";"2018-04-04";"0000-00-00";"89.8";"89.8";"0";"1";"23";"1"
"138";"796A729";"2018-04-04";"CRD";"2018-04-04";"0000-00-00";"582.1";"582.1";"0";"1";"348";"3"
"139";"E45293C";"2018-04-04";"CRD";"2018-04-04";"0000-00-00";"309.7";"309.7";"129.7";"1";"187";"3"
"140";"1F45B74";"2018-04-04";"CRD";"2018-04-04";"0000-00-00";"119.8";"119.8";"0";"1";"274";"3"
"141";"F6012A3";"2018-04-04";"CRD";"2018-04-04";"0000-00-00";"149.7";"149.7";"0";"1";"349";"3"
"142";"B5DD557";"2018-04-04";"CRD";"2018-04-04";"0000-00-00";"39.9";"39.9";"39.9";"1";"187";"3"
"143";"72BA144";"2018-04-05";"CRD";"2018-04-05";"0000-00-00";"139.7";"139.7";"0";"1";"124";"3"
"144";"97A0CB4";"2018-04-05";"CRD";"2018-04-05";"0000-00-00";"99.8";"99.8";"0";"1";"394";"3"
"145";"5418DCF";"2018-04-05";"DEB";"2018-04-05";"2018-04-05";"289.6";"289.6";"0";"0";"394";"3"
"146";"6BD03D1";"2018-04-05";"CRD";"2018-04-05";"0000-00-00";"124.7";"124.7";"0";"1";"347";"3"
"147";"E5893FA";"2018-04-05";"CRD";"2018-04-05";"0000-00-00";"227.6";"168";"0";"1";"354";"3"
"148";"114E488";"2018-04-05";"DEB";"2018-04-05";"2018-04-05";"259.6";"259.6";"0";"0";"393";"3"
"149";"A5A5DE9";"2018-04-05";"CRD";"2018-04-05";"0000-00-00";"79.9";"79.9";"0";"1";"163";"3"
"150";"AE3D841";"2018-04-05";"CRD";"2018-04-05";"0000-00-00";"49.9";"49.9";"18";"1";"51";"3"
"152";"7E943B3";"2018-04-05";"DEB";"2018-04-05";"2018-04-05";"179.6";"79.6";"0";"0";"382";"3"
"153";"0868BE6";"2018-04-05";"DIN";"2018-04-05";"2018-04-05";"110";"110";"0";"0";"380";"3"
"154";"0868BE6";"2018-04-05";"CRD";"2018-04-05";"0000-00-00";"516";"406";"0";"1";"380";"3"
"155";"D6D4F60";"2018-04-05";"CRD";"2018-04-05";"0000-00-00";"304";"304";"0";"1";"160";"3"
"161";"DE3D58C";"2018-04-06";"DIN";"2018-04-06";"2018-04-06";"209.6";"209.6";"0";"0";"395";"4"
"162";"DE3D58C";"2018-04-06";"CRE";"2018-04-06";"0000-00-00";"209.6";"0";"0";"1";"395";"4"
"163";"48BECD9";"2018-04-06";"CRD";"2018-04-06";"0000-00-00";"333.7";"333.7";"0";"1";"82";"4"
"164";"FC6C720";"2018-04-06";"CRD";"2018-04-06";"0000-00-00";"69.9";"69.9";"0";"1";"274";"3"
"165";"B2E36BF";"2018-04-06";"CRD";"2018-04-06";"0000-00-00";"79.8";"79.8";"0";"1";"396";"3"
"166";"965CB1A";"2018-04-07";"CRD";"2018-04-07";"0000-00-00";"189.5";"189.5";"0";"1";"113";"4"
"167";"08BBC1B";"2018-04-07";"CRD";"2018-04-07";"0000-00-00";"0";"0";"0";"1";"0";"4"
"168";"3D2689A";"2018-04-07";"CRD";"2018-04-07";"0000-00-00";"99.8";"99.8";"0";"1";"298";"4"
"170";"69E31AF";"2018-04-07";"DIN";"2018-04-07";"2018-04-07";"189.9";"189.9";"0";"0";"293";"3"
"171";"69E31AF";"2018-04-07";"CRE";"2018-04-07";"0000-00-00";"189.9";"0";"0";"1";"293";"3"
"172";"12B6B6E";"2018-04-07";"CRD";"2018-04-07";"0000-00-00";"449.5";"449.5";"352.5";"1";"85";"3"
"173";"C07FE03";"2018-04-07";"DEB";"2018-04-07";"2018-04-07";"140";"40";"0";"0";"397";"3"
"174";"2610114";"2018-04-07";"DEB";"2018-04-07";"2018-04-07";"50";"50";"0";"0";"394";"3"
"175";"D862A5C";"2018-04-07";"DEB";"2018-04-07";"2018-04-07";"43.8";"43.8";"0";"0";"394";"4"
"176";"E5FD06F";"2018-04-07";"CRD";"2018-04-07";"0000-00-00";"49.9";"49.9";"49.9";"1";"331";"4"
"177";"C7BB4C7";"2018-04-10";"CRD";"2018-04-10";"0000-00-00";"89.9";"89.9";"0";"1";"197";"3"
"178";"DBEB2EC";"2018-04-10";"CRD";"2018-04-10";"0000-00-00";"110";"110";"0";"1";"394";"4"
"183";"C1158E6";"2018-04-11";"CRD";"2018-04-11";"0000-00-00";"249.7";"249.7";"0";"1";"75";"4"
"184";"874A289";"2018-04-12";"DIN";"2018-04-12";"2018-04-12";"49.9";"49.9";"0";"0";"394";"3"
"185";"874A289";"2018-04-12";"CRD";"2018-04-12";"0000-00-00";"49.9";"0";"0";"1";"394";"3"
"186";"2527157";"2018-04-12";"DIN";"2018-04-12";"2018-04-12";"49.9";"49.9";"0";"0";"0";"3"
"187";"2527157";"2018-04-12";"CRD";"2018-04-12";"0000-00-00";"0";"-49.9";"-49.9";"1";"0";"3"
"188";"1210EC5";"2018-04-12";"CRD";"2018-04-12";"0000-00-00";"100";"100";"0";"1";"5";"3"
"189";"1D9ED39";"2018-04-12";"CRD";"2018-04-12";"0000-00-00";"0";"0";"0";"1";"0";"3"
"190";"0E10018";"2018-04-12";"CRD";"2018-04-12";"0000-00-00";"211.7";"211.7";"0";"1";"283";"4"
"192";"B1513A2";"2018-04-13";"CRD";"2018-04-13";"0000-00-00";"199.6";"199.6";"93.6";"1";"368";"4"
"193";"C040568";"2018-04-13";"CRD";"2018-04-13";"0000-00-00";"508.2";"508.2";"0";"1";"393";"4"
"194";"0DACCEC";"2018-04-13";"CRD";"2018-04-13";"0000-00-00";"328.6";"328.6";"328.6";"1";"392";"4"
"195";"CE0EE2B";"2018-04-13";"CRD";"2018-04-13";"0000-00-00";"0";"0";"0";"1";"0";"4"
"196";"F44B677";"2018-04-13";"CRD";"2018-04-13";"0000-00-00";"23.9";"23.9";"23.9";"1";"392";"4"
"197";"F8B0453";"2018-04-13";"CRD";"2018-04-13";"0000-00-00";"139.8";"139.8";"0";"1";"398";"4"
"198";"005C858";"2018-05-15";"DIN";"2018-04-14";"0000-00-00";"39.9";"30";"0";"0";"261";"4"
"199";"A8D5330";"2018-04-14";"CRD";"2018-04-14";"0000-00-00";"139.8";"139.8";"0";"1";"105";"4"
"201";"504B2AB";"2018-04-14";"DIN";"2018-04-14";"2018-04-14";"39.9";"39.9";"0";"0";"399";"4"
"202";"692409B";"2018-04-17";"DIN";"2018-04-17";"2018-04-17";"140";"128";"0";"0";"198";"4"
"203";"3C3FF82";"2018-04-18";"CRD";"2018-04-18";"0000-00-00";"191.8";"191.8";"0";"1";"86";"4"
"205";"3B499A1";"2018-04-18";"CRD";"2018-04-18";"0000-00-00";"149.7";"149.7";"149.7";"1";"31";"4"
"206";"A738E3B";"2018-04-19";"CRD";"2018-04-19";"0000-00-00";"110";"110";"0";"1";"49";"4"
"207";"CCFB22C";"2018-04-19";"DIN";"2018-04-19";"2018-04-19";"59.9";"59.9";"0";"0";"394";"3"
"208";"A436F06";"2018-04-19";"CRD";"2018-04-19";"0000-00-00";"65.9";"65.9";"0";"1";"281";"3"
"209";"F3E3B58";"2018-04-20";"DIN";"2018-04-20";"2018-04-20";"209.9";"180";"0";"0";"400";"3"
"210";"EEC9038";"2018-04-20";"DEB";"2018-04-20";"2018-04-20";"119.8";"119.8";"0";"0";"401";"3"
"211";"11D2B8C";"2018-04-20";"DIN";"2018-04-20";"2018-04-20";"284.6";"284.6";"0";"0";"402";"3"
"212";"6AC1754";"2018-04-20";"DIN";"2018-04-20";"2018-04-20";"49.9";"49.9";"0";"0";"394";"3"
"215";"389F4AB";"2018-04-20";"CRD";"2018-04-20";"0000-00-00";"269.7";"269.7";"0";"1";"274";"3"
"216";"32AAF59";"2018-04-21";"CRD";"2018-04-21";"0000-00-00";"747.3";"747.3";"526.3";"1";"234";"3"
"217";"8A83C53";"2018-04-21";"DIN";"2018-04-21";"2018-04-21";"119.8";"119.8";"0";"0";"394";"3"
"218";"1E52297";"2018-04-21";"CRD";"2018-04-21";"0000-00-00";"79.9";"79.9";"-342.1";"1";"102";"3"
"220";"BC999B5";"2018-04-21";"CRD";"2018-04-21";"0000-00-00";"0";"0";"0";"1";"0";"3"
"221";"9AA7081";"2018-04-21";"DIN";"2018-04-21";"2018-04-21";"30";"30";"0";"0";"403";"3"
"222";"9AA7081";"2018-04-21";"CRE";"2018-04-21";"0000-00-00";"59.9";"29.9";"0";"1";"403";"3"
"225";"684974F";"2018-04-21";"CRD";"2018-04-21";"0000-00-00";"65.9";"55.9";"0";"1";"291";"3"
"226";"1474935";"2018-04-21";"DIN";"2018-04-21";"2018-04-21";"122.9";"122.9";"0";"0";"397";"3"
"227";"B2A2829";"2018-04-21";"DIN";"2018-04-21";"2018-04-21";"139.8";"129.8";"0";"0";"404";"3"
"230";"8669AEE";"2018-04-21";"CRE";"2018-04-21";"0000-00-00";"69.9";"69.9";"0";"1";"405";"3"
"232";"7484011";"2018-04-21";"CRD";"2018-04-21";"0000-00-00";"189.6";"189.6";"0";"1";"127";"3"
"235";"004056F";"2018-04-21";"DIN";"2018-04-21";"2018-04-21";"21.9";"21.9";"0";"0";"394";"3"
"238";"C0B302F";"2018-04-21";"CRD";"2018-04-21";"0000-00-00";"139.8";"139.8";"0";"1";"113";"3"
"240";"948DDDA";"2018-04-24";"CRD";"2018-04-24";"0000-00-00";"484.2";"484.2";"0";"1";"320";"3"
"241";"4C84F92";"2018-04-24";"CRD";"2018-04-24";"0000-00-00";"212.8";"212.8";"0";"1";"49";"3"
"242";"A135AEB";"2018-04-24";"CRD";"2018-04-24";"0000-00-00";"172.8";"172.8";"0";"1";"124";"4"
"243";"0C9D058";"2018-04-24";"CRD";"2018-04-24";"0000-00-00";"569";"569";"0";"1";"125";"3"
"244";"6FDF74A";"2018-04-24";"CRD";"2018-04-24";"0000-00-00";"0";"0";"0";"1";"0";"3"
"245";"78BE7C9";"2018-04-24";"CRD";"2018-04-24";"0000-00-00";"89.9";"89.9";"0";"1";"5";"3"
"247";"0C45F13";"2018-04-27";"CRD";"2018-04-27";"0000-00-00";"149.8";"149.8";"0";"1";"8";"3"
"248";"4300064";"2018-04-28";"CRD";"2018-04-28";"0000-00-00";"199.9";"199.9";"0";"1";"245";"4"
"249";"552A7F8";"2018-04-28";"DEB";"2018-04-28";"2018-04-28";"219.7";"219.7";"0";"0";"394";"4"
"250";"06D6144";"2018-04-28";"CRD";"2018-04-28";"0000-00-00";"65.8";"65.8";"0";"1";"316";"3"
"251";"0A48B5B";"2018-04-28";"DIN";"2018-04-28";"2018-04-28";"39.9";"39.9";"0";"0";"192";"3"
"252";"F389935";"2018-04-28";"DIN";"2018-04-28";"2018-04-28";"99.8";"99.8";"0";"0";"394";"4"
"253";"52886DB";"2018-04-28";"CRD";"2018-04-28";"0000-00-00";"462.2";"462.2";"0";"1";"407";"4"
"254";"3D05DB2";"2018-04-28";"CRD";"2018-04-28";"0000-00-00";"219.6";"40.6";"0";"1";"320";"4"
"255";"E7171E0";"2018-04-28";"CRD";"2018-04-28";"0000-00-00";"49.9";"49.9";"0";"1";"86";"4"
"256";"F36AA25";"2018-05-02";"DEB";"2018-05-02";"2018-05-02";"329.5";"329.5";"0";"0";"394";"3"
"257";"697E9D1";"2018-05-02";"CRD";"2018-05-02";"0000-00-00";"23.9";"23.9";"0";"1";"23";"3"
"258";"CE61E72";"2018-05-02";"DIN";"2018-05-02";"2018-05-02";"69.9";"69.9";"0";"0";"394";"3"
"260";"4C7E55C";"2018-05-02";"DIN";"2018-05-02";"2018-05-02";"12.9";"12.9";"0";"0";"84";"3"
"261";"4C7E55C";"2018-05-02";"CRD";"2018-05-02";"0000-00-00";"81.9";"69";"0";"1";"84";"3"
"262";"4C8D8CA";"2018-05-02";"CRD";"2018-05-02";"0000-00-00";"299.6";"299.6";"0";"1";"165";"3"
"263";"E93BEB6";"2018-05-03";"CRD";"2018-05-03";"0000-00-00";"446";"400";"400";"1";"162";"3"
"264";"E463DD8";"2018-05-03";"DEB";"2018-05-03";"2018-05-03";"19.9";"19.9";"0";"0";"394";"3"
"265";"CF9936E";"2018-05-04";"CRD";"2018-05-04";"0000-00-00";"598.5";"598.5";"0";"1";"165";"3"
"266";"1643B0C";"2018-05-04";"DEB";"2018-05-04";"2018-05-04";"79.8";"79.8";"0";"0";"394";"3"
"267";"89E5318";"2018-05-04";"CRD";"2018-05-04";"0000-00-00";"99.8";"99.8";"0";"1";"130";"4"
"268";"FBBA4E9";"2018-05-05";"CRD";"2018-05-05";"0000-00-00";"39.9";"39.9";"0";"1";"205";"4"
"269";"A7DE236";"2018-05-05";"DIN";"2018-05-05";"2018-05-05";"79.8";"79.8";"0";"0";"409";"4"
"270";"52FCAE4";"2018-05-08";"DIN";"2018-05-08";"2018-05-08";"19.9";"19.9";"0";"0";"410";"4"
"271";"B926408";"2018-06-08";"DEB";"2018-05-08";"0000-00-00";"143.8";"132.8";"-11";"0";"411";"4"
"272";"0CE67AA";"2018-05-10";"CRD";"2018-05-10";"0000-00-00";"349.7";"349.7";"0";"1";"341";"4"
"273";"1732024";"2018-05-10";"CRD";"2018-05-10";"0000-00-00";"179.7";"179.7";"0";"1";"412";"4"
"274";"2BDC221";"2018-05-10";"CRD";"2018-05-10";"0000-00-00";"234.7";"234.7";"0";"1";"346";"4"
"275";"C897DD8";"2018-05-10";"CRD";"2018-05-10";"0000-00-00";"0";"0";"0";"1";"0";"4"
"276";"7EE321E";"2018-05-15";"CRE";"2018-05-15";"0000-00-00";"423";"405";"114.1";"1";"111";"4"
"277";"49B1CB7";"2018-05-15";"CRD";"2018-05-15";"0000-00-00";"245.8";"245.8";"2.8";"1";"225";"3"
"278";"F210D83";"2018-05-15";"CRD";"2018-05-15";"0000-00-00";"0";"0";"0";"1";"0";"3"
"279";"F12AF0A";"2018-05-15";"CRD";"2018-05-15";"0000-00-00";"0";"0";"0";"1";"0";"3"
"280";"C8D37AC";"2018-05-15";"DIN";"2018-05-15";"2018-05-15";"23.9";"23.9";"0";"0";"413";"4"
"281";"E5B22B0";"2018-05-16";"CRD";"2018-05-16";"0000-00-00";"124.7";"124.7";"0";"1";"345";"4"
"282";"A73F528";"2018-05-16";"CRD";"2018-05-16";"0000-00-00";"19.9";"19.9";"0";"1";"345";"4"
"283";"CEEC5BF";"2018-05-16";"CRD";"2018-05-16";"0000-00-00";"81.9";"81.9";"0";"1";"345";"4"
"284";"06A08B6";"2018-05-17";"CRD";"2018-05-17";"0000-00-00";"229.6";"229.6";"0";"1";"345";"3"
"285";"26B2D10";"2018-05-17";"DEB";"2018-05-17";"2018-05-17";"69.9";"69.9";"0";"0";"414";"4"
"287";"883B824";"2018-05-18";"CRD";"2018-05-18";"0000-00-00";"154.8";"154.8";"0";"1";"349";"4"
"288";"6B56330";"2018-05-18";"CRD";"2018-05-18";"0000-00-00";"339.5";"339.5";"210.1";"1";"274";"4"
"289";"28EAAFF";"2018-05-19";"CRD";"2018-05-19";"0000-00-00";"69.9";"69.9";"0";"1";"242";"4"
"290";"E0DEEE5";"2018-05-19";"CRD";"2018-05-19";"0000-00-00";"390.4";"390.4";"0";"1";"415";"4"
"293";"D4ED638";"2018-05-19";"CRD";"2018-05-19";"0000-00-00";"399.3";"399.3";"0";"1";"416";"3"
"294";"ADED3BE";"2018-05-19";"CRD";"2018-05-19";"0000-00-00";"49.9";"49.9";"0";"1";"113";"4"
"295";"509153D";"2018-05-19";"CRD";"2018-05-19";"0000-00-00";"109.9";"109.9";"0";"1";"87";"3"
"296";"571835C";"2018-05-19";"CRD";"2018-05-19";"0000-00-00";"314.6";"314.6";"0";"1";"378";"3"
"297";"3E05266";"2018-05-19";"CRD";"2018-05-19";"0000-00-00";"314.5";"314.5";"0";"1";"417";"3"
"298";"43E484D";"2018-05-19";"DIN";"2018-05-19";"2018-05-19";"69.9";"69.9";"0";"0";"394";"3"
"299";"DFFA97E";"2018-05-19";"CRD";"2018-05-19";"0000-00-00";"325.5";"309.6";"309.6";"1";"234";"3"
"300";"C2DC44B";"2018-05-21";"CRD";"2018-05-21";"0000-00-00";"49.9";"49.9";"0";"1";"23";"3"
"301";"BBCA74A";"2018-05-21";"CRD";"2018-05-21";"0000-00-00";"718";"718";"718";"1";"274";"3"
"302";"70F5E4D";"2018-05-22";"DIN";"2018-05-22";"2018-05-22";"79.9";"79.9";"0";"0";"394";"3"
"303";"9AF78B1";"2018-05-22";"DIN";"2018-05-22";"2018-05-22";"842.9";"842.9";"0";"0";"37";"3"
"304";"9AF78B1";"2018-05-22";"CRE";"2018-05-22";"0000-00-00";"842.9";"0";"0";"1";"37";"3"
"305";"AA19790";"2018-05-22";"DEB";"2018-05-22";"2018-05-22";"119.6";"119.6";"0";"0";"394";"3"
"307";"BB09ECC";"2018-05-22";"CRD";"2018-05-22";"0000-00-00";"81.8";"81.8";"81.8";"1";"111";"4"
"308";"3D40656";"2018-05-22";"CRD";"2018-05-22";"0000-00-00";"159.8";"159.8";"0";"1";"418";"3"
"309";"2C160D7";"2018-05-22";"CRD";"2018-05-22";"0000-00-00";"89.9";"89.9";"0";"1";"281";"3"
"311";"7F7F387";"2018-05-23";"DEB";"2018-05-23";"2018-05-23";"212.8";"139.8";"0";"0";"62";"3"
"312";"7B6C61E";"2018-05-23";"CRD";"2018-05-23";"0000-00-00";"119.9";"119.9";"0";"1";"396";"3"
"313";"93AD5AA";"2018-05-23";"CRD";"2018-05-23";"0000-00-00";"0";"0";"0";"1";"0";"3"
"314";"B2B2A4C";"2018-05-23";"CRD";"2018-05-23";"0000-00-00";"184.7";"184.7";"0";"1";"419";"3"
"315";"646BCBC";"2018-05-23";"CRD";"2018-05-23";"0000-00-00";"89.9";"89.9";"0";"1";"285";"3"
"316";"DE61A56";"2018-05-23";"CRD";"2018-05-23";"0000-00-00";"229.7";"229.7";"115.8";"1";"256";"4"
"317";"6CF0E25";"2018-05-23";"DIN";"2018-05-23";"2018-05-23";"79.9";"70";"0";"0";"420";"4"
"318";"1D1EE14";"2018-05-23";"DIN";"2018-05-23";"2018-05-23";"69.9";"69.9";"0";"0";"394";"3"
"319";"9CD27CA";"2018-05-23";"CRD";"2018-05-23";"0000-00-00";"89.9";"89.9";"0";"1";"378";"3"
"320";"359A5CB";"2018-05-23";"DIN";"2018-05-23";"2018-05-23";"29.9";"29.9";"0";"0";"394";"3"
"321";"359A5CB";"2018-05-23";"CRD";"2018-05-23";"0000-00-00";"29.9";"0";"0";"1";"394";"3"
"322";"5C82454";"2018-05-23";"CRD";"2018-05-23";"0000-00-00";"84.9";"84.9";"0";"1";"316";"3"
"323";"24D31CC";"2018-05-24";"CRD";"2018-05-24";"0000-00-00";"89.7";"89.7";"0";"1";"165";"3"
"324";"0D381C5";"2018-05-24";"DIN";"2018-05-24";"2018-05-24";"159.6";"159.6";"0";"0";"421";"4"
"325";"7CD7023";"2018-05-24";"CRD";"2018-05-24";"0000-00-00";"99.8";"99.8";"-50.2";"1";"260";"4"
"326";"5E349D5";"2018-05-24";"CRD";"2018-05-24";"0000-00-00";"393.1";"393.1";"0";"1";"96";"4"
"327";"0E639CA";"2018-05-24";"DIN";"2018-05-24";"2018-05-24";"59.9";"59.9";"0";"0";"422";"3"
"328";"0E639CA";"2018-05-24";"CRD";"2018-05-24";"0000-00-00";"59.9";"0";"0";"1";"422";"3"
"329";"93294FB";"2018-05-26";"DIN";"2018-05-26";"2018-05-26";"59.8";"59.8";"0";"0";"408";"4"
"330";"433F1AB";"2018-05-26";"CRD";"2018-05-26";"0000-00-00";"292.7";"292.7";"0";"1";"102";"4"
"331";"86B8F73";"2018-05-26";"CRD";"2018-05-26";"0000-00-00";"49.9";"49.9";"0";"1";"102";"4"
"332";"9F4614B";"2018-05-26";"DIN";"2018-05-26";"2018-05-26";"69.9";"69.9";"0";"0";"423";"4"
"333";"9F4614B";"2018-05-26";"CRE";"2018-05-26";"0000-00-00";"69.9";"0";"0";"1";"423";"4"
"334";"F8B7AB4";"2018-05-29";"CRD";"2018-05-29";"0000-00-00";"139.8";"139.8";"0";"1";"366";"4"
"335";"A786213";"2018-05-29";"DIN";"2018-05-29";"2018-05-29";"310";"310";"0";"0";"131";"4"
"336";"A786213";"2018-05-29";"CRE";"2018-05-29";"0000-00-00";"359.6";"0";"0";"1";"131";"4"
"337";"2402EA8";"2018-05-29";"DIN";"2018-05-29";"2018-05-29";"26.9";"26.9";"0";"0";"394";"4"
"338";"5C0E720";"2018-05-29";"CRD";"2018-05-29";"0000-00-00";"259.6";"259.6";"0";"1";"159";"4"
"339";"AA30F2C";"2018-05-30";"DEB";"2018-05-30";"2018-05-30";"748.1";"500";"0";"0";"146";"3"
"340";"D644F71";"2018-07-02";"DIN";"2018-06-01";"0000-00-00";"32.9";"32.9";"0";"0";"96";"4"
"341";"6C0B634";"2018-06-02";"CRD";"2018-06-02";"0000-00-00";"292.7";"292.7";"0";"1";"314";"4"
"342";"C5E682D";"2018-06-05";"CRD";"2018-06-05";"0000-00-00";"26.9";"26.9";"0";"1";"106";"4"
"343";"422F2B9";"2018-06-05";"CRD";"2018-06-05";"0000-00-00";"475.5";"475.5";"0";"1";"106";"3"
"344";"93D1181";"2018-06-07";"DEB";"2018-06-07";"2018-06-07";"89.8";"89.8";"0";"0";"394";"4"
"345";"807A5A3";"2018-06-07";"CRD";"2018-06-07";"0000-00-00";"164.8";"164.8";"0";"1";"124";"4"
"346";"9B1D987";"2018-06-07";"CRD";"2018-06-07";"0000-00-00";"59.9";"59.9";"59.9";"1";"187";"4"
"347";"A0BB34A";"2018-06-07";"DEB";"2018-06-07";"2018-06-07";"95.8";"95.8";"0";"0";"408";"4"
"348";"6FB92EF";"2018-06-08";"CRE";"2018-06-08";"0000-00-00";"79.9";"79.9";"0";"1";"272";"4"
"349";"35570C4";"2018-06-08";"DIN";"2018-06-08";"2018-06-08";"249.7";"224.7";"0";"0";"395";"4"
"350";"5633EBF";"2018-06-08";"DIN";"2018-06-08";"2018-06-08";"89.9";"89.9";"0";"0";"395";"4"
"351";"BD1D4D0";"2018-06-09";"DIN";"2018-06-09";"2018-06-09";"50";"50";"0";"0";"114";"4"
"352";"BD1D4D0";"2018-06-09";"CRD";"2018-06-09";"0000-00-00";"239.6";"149.6";"0";"1";"114";"4"
"353";"8463870";"2018-06-09";"CRD";"2018-06-09";"0000-00-00";"174.8";"119.8";"0";"1";"298";"4"
"354";"6013556";"2018-06-09";"CRD";"2018-06-09";"0000-00-00";"728.3";"469.3";"0";"1";"133";"4"
"355";"399F747";"2018-06-09";"CRD";"2018-06-09";"0000-00-00";"129.9";"89.9";"0";"1";"8";"4"
"356";"A7CFB73";"2018-06-09";"CRD";"2018-06-09";"0000-00-00";"212.8";"139.8";"34.3";"1";"102";"4"
"357";"3DDC363";"2018-06-09";"CRD";"2018-06-09";"0000-00-00";"99.8";"99.8";"0";"1";"113";"4"
"358";"AD4C367";"2018-06-09";"CRD";"2018-06-09";"0000-00-00";"302.5";"229.5";"94.8";"1";"106";"4"
"359";"0DE8F6E";"2018-06-09";"CRD";"2018-06-09";"0000-00-00";"122.9";"89.9";"0";"1";"205";"3"
"360";"B124E87";"2018-06-09";"CRD";"2018-06-09";"0000-00-00";"0";"-33";"-33";"1";"0";"3"
"361";"C0901F8";"2018-06-09";"CRD";"2018-06-09";"0000-00-00";"232.8";"179.8";"0";"1";"166";"3"
"362";"FD0E464";"2018-06-09";"CRD";"2018-06-09";"0000-00-00";"212.8";"139.8";"0";"1";"147";"3"
"363";"912279C";"2018-06-09";"CRD";"2018-06-09";"0000-00-00";"212.8";"139.8";"139.8";"1";"181";"3"
"364";"0546E73";"2018-06-09";"CRD";"2018-06-09";"0000-00-00";"724.7";"600";"209.4";"1";"305";"3"
"365";"D0E542A";"2018-06-09";"CRD";"2018-06-09";"0000-00-00";"244.7";"159.7";"0";"1";"291";"3"
"366";"40884AF";"2018-06-09";"DIN";"2018-06-09";"2018-06-09";"149.7";"149.7";"0";"0";"424";"3"
"367";"40884AF";"2018-06-09";"CRE";"2018-06-09";"0000-00-00";"231.7";"0";"0";"1";"424";"3"
"368";"CDD5199";"2018-06-09";"DIN";"2018-06-09";"2018-06-09";"81.9";"49.9";"0";"0";"425";"3"
"369";"FCE9B10";"2018-06-09";"CRD";"2018-06-09";"0000-00-00";"179.8";"149.8";"0";"1";"285";"3"
"371";"5F5C2BB";"2018-06-09";"CRD";"2018-06-09";"0000-00-00";"254.7";"159.7";"0";"1";"191";"3"
"372";"EBC56FF";"2018-06-09";"DIN";"2018-06-09";"2018-06-09";"39.9";"39.9";"0";"0";"394";"3"
"373";"FBDD827";"2018-06-09";"DEB";"2018-06-09";"2018-06-09";"49.9";"49.9";"0";"0";"394";"3"
"374";"E9E4698";"2018-06-09";"CRD";"2018-06-09";"0000-00-00";"164.8";"109.8";"0";"1";"133";"3"
"375";"5019BD6";"2018-06-09";"CRD";"2018-06-09";"0000-00-00";"164.8";"109.8";"0";"1";"165";"3"
"376";"8C5FE14";"2018-06-09";"CRD";"2018-06-09";"0000-00-00";"199.8";"139.8";"0";"1";"201";"3"
"377";"FF08D52";"2018-06-09";"DIN";"2018-06-09";"2018-06-09";"209.6";"209.6";"0";"0";"427";"4"
"378";"FF08D52";"2018-06-09";"CRE";"2018-06-09";"0000-00-00";"294.6";"0";"0";"1";"427";"4"
"380";"A32B01C";"2018-06-10";"CRD";"2018-06-10";"0000-00-00";"412.6";"279.6";"0";"1";"165";"3"
"381";"2266E20";"2018-06-10";"CRD";"2018-06-10";"0000-00-00";"84.9";"59.9";"0";"1";"386";"3"
"382";"306A8AD";"2018-06-10";"CRD";"2018-06-10";"0000-00-00";"164.8";"109.8";"0";"1";"354";"3"
"383";"F62B1E1";"2018-06-10";"CRD";"2018-06-10";"0000-00-00";"251.7";"159.7";"0";"1";"23";"3"
"384";"7739C78";"2018-06-10";"CRD";"2018-06-10";"0000-00-00";"906.1";"609.1";"609.1";"1";"6";"3"
"385";"7B84AE4";"2018-06-10";"DEB";"2018-06-10";"2018-06-10";"79.9";"79.9";"0";"0";"394";"3"
"386";"69994E2";"2018-06-10";"CRD";"2018-06-10";"0000-00-00";"377.6";"249.6";"0";"1";"429";"3"
"387";"0FF1251";"2018-06-10";"CRD";"2018-06-10";"0000-00-00";"645.4";"439.4";"398.4";"1";"170";"3"
"388";"E527C1C";"2018-06-10";"DEB";"2018-06-10";"2018-06-10";"169.8";"99.8";"0";"0";"430";"3"
"389";"F76E793";"2018-06-10";"CRD";"2018-06-10";"0000-00-00";"245.8";"179.8";"0";"1";"260";"3"
"390";"9EAA179";"2018-06-10";"CRD";"2018-06-10";"0000-00-00";"354.6";"209.6";"0";"1";"296";"3"
"391";"D6D0E90";"2018-06-10";"CRD";"2018-06-10";"0000-00-00";"91.9";"59.9";"59.9";"1";"187";"3"
"392";"130B379";"2018-06-10";"CRD";"2018-06-10";"0000-00-00";"531.5";"329.5";"329.5";"1";"337";"3"
"393";"43EB47F";"2018-06-10";"CRD";"2018-06-10";"0000-00-00";"251.7";"159.7";"0";"1";"49";"3"
"394";"6AD9337";"2018-06-11";"CRD";"2018-06-11";"0000-00-00";"379.7";"379.7";"0";"1";"431";"3"
"395";"5BAF963";"2018-06-11";"CRD";"2018-06-11";"0000-00-00";"212.6";"185.6";"0";"1";"92";"3"
"396";"30935C9";"2018-06-12";"CRD";"2018-06-12";"0000-00-00";"223.8";"139.8";"89.8";"1";"432";"4"
"397";"8B831EC";"2018-06-12";"CRD";"2018-06-12";"0000-00-00";"255.8";"179.8";"179.8";"1";"433";"4"
"398";"368B23B";"2018-06-12";"CRD";"2018-06-12";"0000-00-00";"275.7";"149.7";"99.7";"1";"434";"4"
"399";"9110A77";"2018-06-12";"CRD";"2018-06-12";"0000-00-00";"59.9";"50";"0";"1";"177";"4"
"400";"E44C42B";"2018-06-12";"CRD";"2018-06-12";"0000-00-00";"199.9";"199.9";"130";"1";"49";"4"
"401";"C8D5592";"2018-06-12";"CRD";"2018-06-12";"0000-00-00";"199.9";"199.9";"0";"1";"124";"4"
"402";"34F3EE2";"2018-06-13";"CRD";"2018-06-13";"0000-00-00";"189.9";"189.9";"139.9";"1";"99";"3"
"403";"A9F24E1";"2018-06-13";"CRD";"2018-06-13";"0000-00-00";"635.5";"609.5";"447.7";"1";"393";"3"
"404";"8784850";"2018-06-13";"DEB";"2018-06-13";"2018-06-13";"23.9";"23.9";"0";"0";"435";"4"
"405";"A576940";"2018-06-13";"CRD";"2018-06-13";"0000-00-00";"159.9";"159.9";"99.9";"1";"178";"3"
"406";"0F3A7E2";"2018-06-13";"CRD";"2018-06-13";"0000-00-00";"199.9";"199.9";"138.9";"1";"183";"3"
"407";"9A9D7DA";"2018-06-14";"DEB";"2018-06-14";"2018-06-14";"199.9";"199.9";"0";"0";"133";"3"
"409";"9B07614";"2018-06-14";"CRD";"2018-06-14";"0000-00-00";"159.8";"109.8";"98.6";"1";"105";"3"
"410";"AF72F6F";"2018-06-14";"CRD";"2018-06-14";"0000-00-00";"199.9";"199.9";"0";"1";"11";"3"
"411";"780E98F";"2018-06-14";"CRD";"2018-06-14";"0000-00-00";"399.8";"350";"150";"1";"321";"3"
"412";"84EDC5D";"2018-06-14";"DIN";"2018-06-14";"2018-06-14";"211.8";"139.8";"0";"0";"347";"3"
"413";"D159DA8";"2018-06-14";"DIN";"2018-06-14";"2018-06-14";"229.7";"229.7";"0";"0";"430";"3"
"414";"D159DA8";"2018-06-14";"CRE";"2018-06-14";"0000-00-00";"335.7";"0";"0";"1";"430";"3"
"415";"C5DAF20";"2018-06-14";"CRD";"2018-06-14";"0000-00-00";"84.9";"59.9";"59.9";"1";"111";"3"
"416";"E50193F";"2018-06-14";"CRD";"2018-06-14";"0000-00-00";"79.9";"49.9";"49.9";"1";"107";"3"
"417";"104E298";"2018-06-14";"CRD";"2018-06-14";"0000-00-00";"0";"-30";"-30";"1";"0";"3"
"418";"09212C7";"2018-06-14";"CRD";"2018-06-14";"0000-00-00";"191.8";"99.8";"0";"1";"336";"3"
"419";"701381C";"2018-06-15";"CRD";"2018-06-15";"0000-00-00";"229.7";"99.8";"0";"1";"57";"3"
"420";"FEAB81E";"2018-06-15";"CRD";"2018-06-15";"0000-00-00";"199.9";"199.9";"22.8";"1";"272";"4"
"421";"A2BC635";"2018-06-15";"CRD";"2018-06-15";"0000-00-00";"29.9";"29.9";"4.2";"1";"23";"4"
"422";"1F80781";"2018-06-15";"DIN";"2018-06-15";"2018-06-15";"79.8";"79.8";"0";"0";"408";"4"
"423";"47E71EA";"2018-06-16";"DIN";"2018-06-16";"2018-06-16";"170";"170";"0";"0";"395";"4"
"424";"47E71EA";"2018-06-16";"CRE";"2018-06-16";"0000-00-00";"179.8";"0";"0";"1";"395";"4"
"425";"57FB223";"2018-06-16";"CRD";"2018-06-16";"0000-00-00";"49.9";"49.9";"0";"1";"291";"4"
"426";"4F03AA7";"2018-06-16";"CRD";"2018-06-16";"0000-00-00";"79.9";"79.9";"0";"1";"346";"4"
"427";"D7DA63E";"2018-06-16";"CRD";"2018-06-16";"0000-00-00";"39.9";"39.9";"0";"1";"347";"4"
"428";"BEEB02E";"2018-06-16";"DIN";"2018-06-16";"2018-06-16";"129.8";"129.8";"0";"0";"408";"4"
"429";"75EF432";"2018-06-16";"CRD";"2018-06-16";"0000-00-00";"29.9";"29.9";"0";"1";"124";"3"
"430";"1DA4BED";"2018-06-16";"DIN";"2018-06-16";"2018-06-16";"51";"51";"0";"0";"127";"3"
"431";"1DA4BED";"2018-06-16";"CRD";"2018-06-16";"0000-00-00";"192.8";"91.9";"0";"1";"127";"3"
"432";"70B202B";"2018-06-18";"CRD";"2018-06-18";"0000-00-00";"484.5";"419.5";"381.7";"1";"407";"3"
"433";"6096BE5";"2018-06-18";"CRD";"2018-06-18";"0000-00-00";"189.7";"129.7";"0";"1";"320";"3"
"434";"E2E9F79";"2018-06-19";"CRD";"2018-06-19";"0000-00-00";"199.9";"189.9";"189.9";"1";"234";"3"
"435";"6A2C0D6";"2018-06-19";"CRD";"2018-06-19";"0000-00-00";"335.7";"189.7";"0";"1";"311";"3"
"436";"58AA2EA";"2018-06-20";"CRD";"2018-06-20";"0000-00-00";"329.7";"329.7";"318.7";"1";"153";"4"
"437";"B2A03B2";"2018-06-21";"CRD";"2018-06-21";"0000-00-00";"140";"140";"0.0000000000000284217";"1";"96";"4"
"438";"51B6A84";"2018-06-21";"DEB";"2018-06-21";"2018-06-21";"109.8";"109.8";"0";"0";"437";"4"
"439";"D2B0E10";"2018-06-21";"CRD";"2018-06-21";"0000-00-00";"139.8";"139.8";"0";"1";"296";"4"
"440";"C73BFBB";"2018-06-21";"CRD";"2018-06-21";"0000-00-00";"59.8";"59.8";"0";"1";"166";"3"
"441";"55BAF27";"2018-06-22";"CRD";"2018-06-22";"0000-00-00";"299.6";"279.6";"96.2";"1";"298";"3"
"442";"2CDF2D9";"2018-06-22";"CRD";"2018-06-22";"0000-00-00";"418.5";"418.5";"218.5";"1";"412";"3"
"443";"1611A1D";"2018-06-22";"CRD";"2018-06-22";"0000-00-00";"129.7";"129.7";"0";"1";"285";"3"
"444";"4900BD4";"2018-06-22";"DIN";"2018-06-22";"2018-06-22";"411.1";"400";"0";"0";"198";"3"
"445";"94F9843";"2018-06-22";"CRD";"2018-06-22";"0000-00-00";"239.8";"239.8";"239.8";"1";"111";"4"
"446";"59E91D1";"2018-06-22";"CRD";"2018-06-22";"0000-00-00";"124.8";"124.8";"124.8";"1";"51";"4"
"447";"87F037B";"2018-06-22";"CRD";"2018-06-22";"0000-00-00";"142.8";"142.8";"0";"1";"316";"4"
"448";"66D2DB5";"2018-06-22";"CRD";"2018-06-22";"0000-00-00";"149.8";"149.8";"0";"1";"349";"4"
"449";"B21C5E5";"2018-06-23";"DEB";"2018-06-23";"2018-06-23";"244.6";"224.6";"0";"0";"439";"3"
"450";"14667E3";"2018-06-23";"CRD";"2018-06-23";"0000-00-00";"79.8";"68";"0";"1";"163";"3"
"451";"924D85B";"2018-06-23";"CRD";"2018-06-23";"0000-00-00";"188.7";"188.7";"0";"1";"348";"3"
"452";"1FD157B";"2018-06-23";"CRD";"2018-06-23";"0000-00-00";"69.9";"69.9";"0";"1";"285";"3"
"453";"EC51F0B";"2018-06-23";"CRD";"2018-06-23";"0000-00-00";"49.9";"49.9";"49.9";"1";"51";"3"
"454";"2103984";"2018-06-23";"CRD";"2018-06-23";"0000-00-00";"0";"0";"0";"1";"222";"3"
"455";"2DDEE2E";"2018-06-23";"DIN";"2018-06-23";"2018-06-23";"39.9";"39.9";"0";"0";"394";"3"
"456";"9B4285E";"2018-06-23";"DIN";"2018-06-23";"2018-06-23";"89.9";"89.9";"0";"0";"207";"3"
"457";"9B4285E";"2018-06-23";"CRE";"2018-06-23";"0000-00-00";"89.9";"0";"0";"1";"207";"3"
"458";"AA4A916";"2018-06-23";"DIN";"2018-06-23";"2018-06-23";"159.8";"159.8";"0";"0";"441";"3"
"459";"AA4A916";"2018-06-23";"CRE";"2018-06-23";"0000-00-00";"159.8";"0";"0";"1";"441";"3"
"460";"6E9F0D7";"2018-06-23";"CRD";"2018-06-23";"0000-00-00";"39.9";"39.9";"0";"1";"82";"3"
"461";"C099AB0";"2018-06-23";"CRD";"2018-06-23";"0000-00-00";"39.9";"39.9";"0";"1";"222";"3"
"462";"444235D";"2018-06-23";"DIN";"2018-06-23";"2018-06-23";"49.9";"49.9";"0";"0";"442";"4"
"463";"9B0764B";"2018-06-23";"CRD";"2018-06-23";"0000-00-00";"145.8";"145.8";"0";"1";"5";"4"
"464";"984A29E";"2018-06-23";"CRD";"2018-06-23";"0000-00-00";"294.4";"294.4";"0";"1";"11";"4"
"465";"DD546D3";"2018-06-23";"CRD";"2018-06-23";"0000-00-00";"132.8";"132.8";"0";"1";"5";"4"
"466";"AC748AB";"2018-06-23";"CRD";"2018-06-23";"0000-00-00";"409.6";"409.6";"313.1";"1";"378";"4"
"467";"33C0218";"2018-06-23";"CRD";"2018-06-23";"0000-00-00";"119.8";"100";"100";"1";"378";"4"
"470";"EBB779E";"2018-06-25";"CRD";"2018-06-25";"0000-00-00";"29.9";"29.9";"0";"1";"299";"4"
"471";"4677295";"2018-06-25";"CRD";"2018-06-25";"0000-00-00";"29.9";"29.9";"29.9";"1";"305";"4"
"472";"FA64D0E";"2018-06-25";"CRD";"2018-06-25";"0000-00-00";"29.9";"29.9";"0";"1";"325";"4"
"473";"8636864";"2018-06-25";"CRD";"2018-06-25";"0000-00-00";"39.9";"39.9";"39.9";"1";"407";"4"
"474";"06C644A";"2018-06-25";"CRD";"2018-06-25";"0000-00-00";"54.9";"54.9";"21.8";"1";"320";"4"
"475";"8957155";"2018-06-26";"CRD";"2018-06-26";"0000-00-00";"349.6";"349.6";"349.6";"1";"443";"4"
"476";"182CD43";"2018-06-26";"CRD";"2018-06-26";"0000-00-00";"39.9";"39.9";"0";"1";"444";"4"
"477";"2043676";"2018-06-26";"CRD";"2018-06-26";"0000-00-00";"159.9";"159.9";"159.9";"1";"107";"4"
"478";"67523FF";"2018-07-27";"DIN";"2018-06-26";"0000-00-00";"69.9";"69.9";"19.9";"0";"111";"4"
"479";"787899D";"2018-06-27";"CRD";"2018-06-27";"0000-00-00";"583.5";"564.5";"354.3";"1";"201";"3"
"480";"4B57EFB";"2018-06-28";"CRD";"2018-06-28";"0000-00-00";"39.9";"39.9";"0";"1";"113";"3"
"481";"737B30E";"2018-06-28";"CRD";"2018-06-28";"0000-00-00";"229.7";"229.7";"0";"1";"345";"3"
"482";"9E2F928";"2018-06-28";"CRD";"2018-06-28";"0000-00-00";"212.8";"139.8";"0";"1";"273";"3"
"483";"FF40A96";"2018-06-28";"CRD";"2018-06-28";"0000-00-00";"159.8";"99.8";"0";"1";"293";"3"
"484";"F86BAAA";"2018-06-28";"CRD";"2018-06-28";"0000-00-00";"409.5";"409.5";"0";"1";"244";"3"
"485";"F9DCCDE";"2018-06-28";"DEB";"2018-06-28";"2018-06-28";"394.5";"335.5";"0";"0";"46";"3"
"486";"869D4C6";"2018-06-28";"CRD";"2018-06-28";"0000-00-00";"69.9";"69.9";"0";"1";"133";"3"
"487";"7E3B647";"2018-06-28";"CRD";"2018-06-28";"0000-00-00";"149.7";"149.7";"0";"1";"310";"3"
"488";"A1A1EC3";"2018-06-29";"CRD";"2018-06-29";"0000-00-00";"139.8";"139.8";"139.8";"1";"320";"3"
"489";"96B9FEA";"2018-06-29";"CRD";"2018-06-29";"0000-00-00";"99.8";"99.8";"99.8";"1";"187";"3"
"490";"D31CE45";"2018-06-29";"DEB";"2018-06-29";"2018-06-29";"193.9";"170";"0";"0";"116";"4"
"491";"5977041";"2018-06-29";"DIN";"2018-06-29";"2018-06-29";"79.9";"79.9";"0";"0";"394";"4"
"492";"4077B10";"2018-06-29";"CRD";"2018-06-29";"0000-00-00";"154.8";"154.8";"0";"1";"348";"4"
"493";"0062DDF";"2018-06-29";"CRD";"2018-06-29";"0000-00-00";"189.8";"189.8";"0";"1";"29";"4"
"494";"7CCEFB8";"2018-06-30";"CRD";"2018-06-30";"0000-00-00";"153.9";"153.9";"153.9";"1";"102";"4"
"495";"D95AC79";"2018-06-30";"CRD";"2018-06-30";"0000-00-00";"29.9";"29.9";"0";"1";"352";"4"
"496";"A08588A";"2018-06-30";"DEB";"2018-06-30";"2018-06-30";"129.8";"129.8";"0";"0";"408";"4"
"497";"D7C3206";"2018-06-30";"CRD";"2018-06-30";"0000-00-00";"39.9";"39.9";"0";"1";"205";"4"
"498";"2187AF0";"2018-06-30";"DIN";"2018-06-30";"2018-06-30";"569.4";"569.4";"0";"0";"447";"4"
"499";"2187AF0";"2018-06-30";"CRE";"2018-06-30";"0000-00-00";"569.4";"0";"0";"1";"447";"4"
"500";"816567F";"2018-06-30";"CRD";"2018-06-30";"0000-00-00";"330.6";"330.6";"110.6";"1";"315";"4"
"501";"D233688";"2018-07-02";"CRD";"2018-07-02";"0000-00-00";"234.7";"234.7";"0";"1";"95";"3"
"502";"67230C5";"2018-07-02";"CRD";"2018-07-02";"0000-00-00";"164.7";"164.7";"0";"1";"449";"3"
"503";"920EA37";"2018-07-02";"DEB";"2018-07-02";"2018-07-02";"119.9";"119.9";"0";"0";"450";"3"
"504";"C65BA11";"2018-07-02";"CRD";"2018-07-02";"0000-00-00";"913.3";"873.3";"673.3";"1";"138";"3"
"505";"94D7188";"2018-07-02";"CRD";"2018-07-02";"0000-00-00";"139.8";"139.8";"139.8";"1";"138";"3"
"506";"4A5B57A";"2018-07-02";"CRD";"2018-07-02";"0000-00-00";"1370.5";"1370.5";"305.8";"1";"164";"3"
"507";"1B2AE10";"2018-07-02";"DIN";"2018-07-02";"2018-07-02";"54.8";"50";"0";"0";"293";"3"
"508";"3FE0845";"2018-07-03";"CRD";"2018-07-03";"0000-00-00";"249.7";"249.7";"249.7";"1";"256";"3"
"509";"B787730";"2018-07-03";"CRD";"2018-07-03";"0000-00-00";"129.8";"129.8";"0";"1";"451";"3"
"510";"26C2811";"2018-07-03";"CRD";"2018-07-03";"0000-00-00";"32.9";"32.9";"32.9";"1";"6";"3"
"511";"7B88E12";"2018-07-03";"CRD";"2018-07-03";"0000-00-00";"214.8";"214.8";"214.8";"1";"452";"3"
"512";"B42954A";"2018-07-03";"DEB";"2018-07-03";"2018-07-03";"94.9";"55";"0";"0";"453";"3"
"513";"495F84F";"2018-07-04";"DEB";"2018-07-04";"2018-07-04";"508.5";"446.94";"0";"0";"454";"4"
"514";"832EECF";"2018-07-04";"CRD";"2018-07-04";"0000-00-00";"275.6";"275.6";"95.6";"1";"455";"4"
"515";"E43CFAE";"2018-07-04";"CRD";"2018-07-04";"0000-00-00";"79.8";"79.8";"0.0000000000000426326";"1";"5";"4"
"517";"5CF0E6B";"2018-07-05";"CRD";"2018-07-05";"0000-00-00";"289.7";"289.7";"0";"1";"415";"3"
"518";"AAE9D4E";"2018-07-05";"CRD";"2018-07-05";"0000-00-00";"39.9";"39.9";"0";"1";"166";"3"
"519";"6493FA9";"2018-07-05";"CRD";"2018-07-05";"0000-00-00";"159.8";"159.8";"0";"1";"431";"3"
"520";"AE60A56";"2018-07-06";"CRD";"2018-07-06";"0000-00-00";"199.7";"199.7";"199.7";"1";"274";"3"
"521";"BE782A8";"2018-07-06";"CRD";"2018-07-06";"0000-00-00";"192.6";"192.6";"0";"1";"304";"4"
"522";"477D9BE";"2018-07-06";"CRD";"2018-07-06";"0000-00-00";"199.8";"199.8";"99.8";"1";"80";"4"
"523";"4BB30F3";"2018-07-06";"CRD";"2018-07-06";"0000-00-00";"69.9";"69.9";"0";"1";"166";"4"
"524";"11C2062";"2018-07-06";"CRD";"2018-07-06";"0000-00-00";"94.9";"94.9";"94.9";"1";"30";"4"
"525";"736114A";"2018-07-06";"CRD";"2018-07-06";"0000-00-00";"39.9";"39.9";"0";"1";"198";"4"
"526";"EEF37F9";"2018-07-07";"CRD";"2018-07-07";"0000-00-00";"99.7";"75";"0";"1";"165";"4"
"527";"74B6D35";"2018-07-07";"CRD";"2018-07-07";"0000-00-00";"298.8";"298.8";"298.4";"1";"114";"4"
"528";"8565E69";"2018-07-07";"DIN";"2018-07-07";"2018-07-07";"178.8";"178.8";"0";"0";"399";"4"
"529";"8565E69";"2018-07-07";"CRE";"2018-07-07";"0000-00-00";"178.8";"0";"0";"1";"399";"4"
"530";"83D5032";"2018-07-07";"CRD";"2018-07-07";"0000-00-00";"647.4";"647.4";"344.4";"1";"313";"4"
"531";"3288A76";"2018-07-07";"CRD";"2018-07-07";"0000-00-00";"284.7";"284.7";"0";"1";"165";"4"
"532";"D0A0212";"2018-07-07";"CRD";"2018-07-07";"0000-00-00";"189.8";"189.8";"0";"1";"133";"4"
"533";"3D7BD66";"2018-07-07";"CRD";"2018-07-07";"0000-00-00";"89.9";"75";"0";"1";"316";"4"
"534";"0E178EB";"2018-07-07";"CRD";"2018-07-07";"0000-00-00";"355.4";"331";"0";"1";"287";"4"
"535";"CDF4F55";"2018-07-10";"CRD";"2018-07-10";"0000-00-00";"277.8";"277.8";"161.8";"1";"319";"4"
"536";"9EAFC22";"2018-07-10";"CRD";"2018-07-10";"0000-00-00";"99";"99";"99";"1";"102";"4"
"537";"F9255C3";"2018-07-10";"CRD";"2018-07-10";"0000-00-00";"559.7";"459.7";"459.7";"1";"170";"4"
"538";"2B1F5C0";"2018-07-10";"CRD";"2018-07-10";"0000-00-00";"369.4";"369.4";"169";"1";"429";"4"
"539";"322F68F";"2018-07-10";"DIN";"2018-07-10";"2018-07-10";"69.9";"69.9";"0";"0";"456";"4"
"540";"322F68F";"2018-07-10";"CRE";"2018-07-10";"0000-00-00";"81.9";"0";"0";"1";"456";"4"
"541";"3831828";"2018-07-10";"CRD";"2018-07-10";"0000-00-00";"394.3";"394.3";"211.7";"1";"165";"4"
"542";"2F9C4D6";"2018-07-11";"CRD";"2018-07-11";"0000-00-00";"365.5";"353.6";"191.6";"1";"457";"4"
"543";"67804A4";"2018-07-11";"DIN";"2018-07-11";"2018-07-11";"159.8";"159.8";"0";"0";"408";"4"
"544";"9F51688";"2018-07-11";"DEB";"2018-07-11";"2018-07-11";"24.9";"24.9";"0";"0";"408";"4"
"545";"70AAE5B";"2018-08-12";"DIN";"2018-07-12";"0000-00-00";"229.7";"229.7";"0";"0";"372";"4"
"547";"543D5FB";"2018-07-13";"DIN";"2018-07-13";"2018-07-13";"129.8";"100";"0";"0";"458";"4"
"548";"82C4940";"2018-07-14";"CRD";"2018-07-14";"0000-00-00";"239.7";"239.7";"239.7";"1";"368";"3"
"549";"622F4BD";"2018-07-14";"CRD";"2018-07-14";"0000-00-00";"159.7";"159.7";"159.7";"1";"368";"3"
"551";"8477F89";"2018-07-14";"CRD";"2018-07-14";"0000-00-00";"159.7";"159.7";"159.7";"1";"207";"4"
"553";"7E324EF";"2018-07-14";"CRD";"2018-07-14";"0000-00-00";"59.9";"59.9";"0";"1";"292";"4"
"554";"443C8A7";"2018-07-14";"CRD";"2018-07-14";"0000-00-00";"362.5";"362.5";"362.5";"1";"459";"3"
"555";"FD26403";"2018-07-14";"CRD";"2018-07-14";"0000-00-00";"504.5";"504.5";"249.6";"1";"226";"3"
"556";"E413577";"2018-07-14";"CRD";"2018-07-14";"0000-00-00";"355.6";"355.6";"355.6";"1";"393";"3"
"557";"19ABB4B";"2018-07-14";"CRD";"2018-07-14";"0000-00-00";"416.3";"391.3";"0";"1";"460";"3"
"558";"79223F1";"2018-07-14";"CRD";"2018-07-14";"0000-00-00";"159.9";"159.9";"159.9";"1";"321";"3"
"559";"E9ED06E";"2018-07-16";"CRD";"2018-07-16";"0000-00-00";"89.9";"89.9";"89.9";"1";"313";"4"
"560";"156D985";"2018-07-16";"DEB";"2018-07-16";"2018-07-16";"24.9";"24.9";"0";"0";"336";"4"
"561";"7964CAE";"2018-07-16";"CRD";"2018-07-16";"0000-00-00";"380.5";"380.5";"180.5";"1";"366";"4"
"562";"B6CF7A9";"2018-07-17";"CRD";"2018-07-17";"0000-00-00";"893.8";"893.8";"893.8";"1";"28";"3"
"563";"66C938D";"2018-07-18";"CRD";"2018-07-18";"0000-00-00";"89.9";"89.9";"89.9";"1";"27";"4"
"564";"54AB948";"2018-07-18";"CRD";"2018-07-18";"0000-00-00";"109.9";"109.9";"0";"1";"86";"3"
"565";"D83DE34";"2018-07-18";"CRD";"2018-07-18";"0000-00-00";"209.8";"169.8";"0";"1";"46";"3"
"566";"E11E299";"2018-07-19";"CRD";"2018-07-19";"0000-00-00";"459.4";"459.4";"0";"1";"125";"4"
"567";"B224DD3";"2018-07-19";"DIN";"2018-07-19";"2018-07-19";"49.9";"49.9";"0";"0";"461";"4"
"568";"9234C0C";"2018-07-19";"CRD";"2018-07-19";"0000-00-00";"783";"783";"738.8";"1";"341";"4"
"569";"35C1309";"2018-07-20";"CRD";"2018-07-20";"0000-00-00";"65.9";"65.9";"0";"1";"237";"4"
"570";"9823704";"2018-07-21";"CRD";"2018-07-21";"0000-00-00";"89.9";"89.9";"0";"1";"349";"4"
"571";"325F8A2";"2018-07-21";"DIN";"2018-07-21";"2018-07-21";"169.7";"150";"0";"0";"395";"4"
"572";"2D3E913";"2018-07-21";"CRD";"2018-07-21";"0000-00-00";"369.4";"369.4";"119.4";"1";"462";"4"
"573";"AB8E8ED";"2018-07-21";"CRD";"2018-07-21";"0000-00-00";"59.9";"59.9";"59.9";"1";"298";"4"
"574";"3D805DE";"2018-07-21";"CRD";"2018-07-21";"0000-00-00";"109.9";"109.9";"109.9";"1";"305";"4"
"575";"DFAB28E";"2018-07-21";"DIN";"2018-07-21";"2018-07-21";"179.8";"179.8";"0";"0";"408";"4"
"576";"B959069";"2018-07-21";"CRD";"2018-07-21";"0000-00-00";"418.5";"418.5";"118.5";"1";"463";"4"
"577";"1B14BB9";"2018-07-21";"CRD";"2018-07-21";"0000-00-00";"109.8";"109.8";"102.5";"1";"314";"4"
"578";"B56BF24";"2018-07-21";"CRD";"2018-07-21";"0000-00-00";"82.8";"82.8";"0";"1";"396";"4"
"579";"31C8897";"2018-07-24";"CRD";"2018-07-24";"0000-00-00";"89.9";"89.9";"34.2";"1";"11";"4"
"580";"2EE6F2A";"2018-07-25";"CRE";"2018-07-25";"0000-00-00";"142.8";"142.8";"0";"1";"464";"3"
"581";"04FA798";"2018-07-25";"CRD";"2018-07-25";"0000-00-00";"419.4";"409";"59";"1";"33";"3"
"582";"9F439C6";"2018-07-26";"CRE";"2018-07-26";"0000-00-00";"425.7";"390.7";"0";"1";"465";"4"
"583";"7AE1D03";"2018-07-26";"DIN";"2018-07-26";"2018-07-26";"39.9";"39.9";"0";"0";"394";"4"
"584";"837250B";"2018-07-26";"CRD";"2018-07-26";"0000-00-00";"49.9";"49.9";"4.9";"1";"316";"4"
"585";"CE84D4A";"2018-07-26";"CRD";"2018-07-26";"0000-00-00";"244.7";"244.7";"44.7";"1";"166";"4"
"586";"3A9D409";"2018-08-26";"DIN";"2018-07-26";"0000-00-00";"144.8";"140";"0";"0";"466";"4"
"587";"474D7CA";"2018-07-26";"DIN";"2018-07-26";"2018-07-26";"29.9";"29.9";"0";"0";"394";"4"
"588";"74101E3";"2018-07-26";"CRD";"2018-07-26";"0000-00-00";"49.9";"49.9";"39.9";"1";"29";"4"
"589";"FF3E913";"2018-07-26";"CRD";"2018-07-26";"0000-00-00";"89.9";"89.9";"89.9";"1";"106";"4"
"590";"1543442";"2018-07-27";"CRD";"2018-07-27";"0000-00-00";"694";"694";"694";"1";"106";"3"
"591";"4C753E6";"2018-07-27";"CRD";"2018-07-27";"0000-00-00";"344.6";"344.6";"0";"1";"311";"3"
"592";"FDAD5A9";"2018-07-27";"CRD";"2018-07-27";"0000-00-00";"75.8";"68.9";"68.9";"1";"27";"3"
"593";"C22B662";"2018-07-27";"CRD";"2018-07-27";"0000-00-00";"444.2";"444.2";"0";"1";"467";"4"
"594";"E6061BF";"2018-07-28";"CRD";"2018-07-28";"0000-00-00";"54.9";"54.9";"54.9";"1";"102";"4"
"595";"AD1FC45";"2018-07-31";"DIN";"2018-07-31";"2018-07-31";"109.8";"100";"0";"0";"158";"4"
"596";"3C9772D";"2018-07-31";"CRD";"2018-07-31";"0000-00-00";"0";"-10";"-109.8";"1";"0";"3"
"597";"EA11B54";"2018-07-31";"CRD";"2018-07-31";"0000-00-00";"109.8";"99.8";"0";"1";"108";"3"
"598";"A9726B2";"2018-07-31";"CRD";"2018-07-31";"0000-00-00";"454.2";"429.3";"0";"1";"94";"4"
"599";"A745DE5";"2018-07-31";"DIN";"2018-07-31";"2018-07-31";"59.8";"50";"0";"0";"258";"4"
"600";"74C165B";"2018-07-31";"CRD";"2018-07-31";"0000-00-00";"476.6";"430";"370";"1";"8";"4"
"601";"97B41FD";"2018-08-01";"CRD";"2018-08-01";"0000-00-00";"94.9";"94.9";"94.9";"1";"51";"4"
"602";"A12A1F2";"2018-08-01";"CRE";"2018-08-01";"0000-00-00";"89.9";"89.9";"0";"1";"324";"4"
"603";"A7D9A9C";"2018-08-01";"DEB";"2018-08-01";"2018-08-01";"142.6";"142.6";"0";"0";"0";"0"
"604";"D8AE7E6";"2018-08-01";"DEB";"2018-08-01";"2018-08-01";"142.6";"142.6";"0";"0";"108";"4"
"605";"4B4555A";"2018-08-02";"CRD";"2018-08-02";"0000-00-00";"54.9";"54.9";"54.9";"1";"106";"4"
"606";"871E6AF";"2018-08-02";"CRD";"2018-08-02";"0000-00-00";"295.5";"295.5";"155.6";"1";"160";"4"
"607";"C2608D0";"2018-08-02";"CRD";"2018-08-02";"0000-00-00";"42.9";"42.9";"42.9";"1";"164";"4"
"608";"28053D7";"2018-08-03";"CRD";"2018-08-03";"0000-00-00";"189.7";"189.7";"185.6";"1";"237";"4"
"609";"AB6BF38";"2018-08-04";"CRD";"2018-08-04";"0000-00-00";"279.6";"279.6";"219.3";"1";"415";"4"
"610";"8C1A488";"2018-08-04";"CRE";"2018-08-04";"0000-00-00";"99.8";"85";"0";"1";"468";"4"
"611";"5BD522E";"2018-08-04";"CRD";"2018-08-04";"0000-00-00";"565.3";"565.3";"565.3";"1";"368";"4"
"612";"A41ABF8";"2018-08-04";"CRD";"2018-08-04";"0000-00-00";"1088";"1088";"88.6";"1";"304";"4"
"613";"3EB9B21";"2018-08-04";"CRD";"2018-08-04";"0000-00-00";"389.9";"350";"0";"1";"224";"4"
"614";"5D23865";"2018-08-04";"CRD";"2018-08-04";"0000-00-00";"700";"600";"506.9";"1";"299";"4"
"615";"04B8A2D";"2018-08-05";"CRD";"2018-08-05";"0000-00-00";"349.5";"349.5";"349.5";"1";"160";"3"
"616";"65A4CCF";"2018-08-05";"CRD";"2018-08-05";"0000-00-00";"143.7";"143.7";"135.4";"1";"191";"3"
"617";"248AE55";"2018-08-05";"CRD";"2018-08-05";"0000-00-00";"129.8";"129.8";"129.8";"1";"469";"3"
"618";"AFB8503";"2018-08-05";"DEB";"2018-08-05";"2018-08-05";"79.9";"49.9";"0";"0";"134";"3"
"619";"F9F5F24";"2018-08-06";"CRD";"2018-08-06";"0000-00-00";"1864.4";"1628.6";"1208.7";"1";"87";"3"
"620";"8CA3FF9";"2018-08-06";"CRD";"2018-08-06";"0000-00-00";"69.9";"69.9";"69.9";"1";"96";"3"
"621";"24EEB0E";"2018-08-06";"CRD";"2018-08-06";"0000-00-00";"195.6";"195.6";"0";"1";"124";"3"
"622";"3CA7732";"2018-08-06";"CRD";"2018-08-06";"0000-00-00";"377.9";"358";"267.8";"1";"260";"3"
"623";"4244138";"2018-08-06";"CRD";"2018-08-06";"0000-00-00";"194.7";"194.7";"148.5";"1";"281";"3"
"624";"85E57D8";"2018-08-06";"CRD";"2018-08-06";"0000-00-00";"0";"0";"0";"1";"0";"3"
"625";"A3BAE40";"2018-08-06";"CRD";"2018-08-06";"0000-00-00";"313.7";"313.7";"163.7";"1";"470";"4"
"626";"41DF432";"2018-08-06";"CRD";"2018-08-06";"0000-00-00";"308.5";"300";"291.3";"1";"460";"4"
"627";"87A6FAC";"2018-08-06";"CRD";"2018-08-06";"0000-00-00";"39.9";"39.9";"39.9";"1";"470";"4"
"628";"1F6980D";"2018-08-06";"CRD";"2018-08-06";"0000-00-00";"251.8";"251.8";"251.8";"1";"87";"4"
"629";"E186706";"2018-08-06";"CRD";"2018-08-06";"0000-00-00";"661.1";"599.3";"599.3";"1";"165";"3"
"630";"0E3B5CD";"2018-08-06";"CRD";"2018-08-06";"0000-00-00";"144.8";"144.8";"144.8";"1";"165";"3"
"631";"BE5B0DB";"2018-08-07";"CRD";"2018-08-07";"0000-00-00";"329.6";"299.6";"299.6";"1";"272";"3"
"632";"A8C8D4F";"2018-08-07";"CRD";"2018-08-07";"0000-00-00";"119.8";"119.8";"119.8";"1";"256";"4"
"633";"6818123";"2018-08-07";"CRD";"2018-08-07";"0000-00-00";"329.6";"329.6";"329.6";"1";"369";"4"
"634";"4E58FF6";"2018-08-07";"CRD";"2018-08-07";"0000-00-00";"62.8";"50";"0";"1";"354";"4"
"635";"CB5D1B1";"2018-08-07";"CRD";"2018-08-07";"0000-00-00";"136.6";"109";"0";"1";"347";"4"
"636";"C17AA04";"2018-08-07";"CRD";"2018-08-07";"0000-00-00";"439.5";"439.5";"69.5";"1";"194";"4"
"637";"00F8813";"2018-08-07";"CRD";"2018-08-07";"0000-00-00";"49.9";"49.9";"49.9";"1";"166";"4"
"638";"CD59F7C";"2018-08-07";"CRD";"2018-08-07";"0000-00-00";"0";"0";"0";"1";"0";"0"
"639";"01E8B1E";"2018-08-07";"DEB";"2018-08-07";"2018-08-07";"119.9";"119.9";"0";"0";"394";"3"
"640";"B28AEC3";"2018-08-07";"CRD";"2018-08-07";"0000-00-00";"993.1";"993.1";"883.8";"1";"310";"4"
"641";"7DC5E6B";"2018-08-07";"CRD";"2018-08-07";"0000-00-00";"59.9";"59.9";"59.9";"1";"281";"3"
"642";"4DE5CBC";"2018-08-08";"CRD";"2018-08-08";"0000-00-00";"69.9";"69.9";"0";"1";"372";"4"
"643";"B166E44";"2018-08-08";"CRD";"2018-08-08";"0000-00-00";"398.5";"398.5";"234.1";"1";"300";"4"
"644";"3D41C11";"2018-08-08";"CRD";"2018-08-08";"0000-00-00";"379.5";"379.5";"279.5";"1";"462";"4"
"646";"E1DAB1D";"2018-08-08";"CRD";"2018-08-08";"0000-00-00";"486.1";"486.1";"486.1";"1";"11";"4"
"647";"5AD4894";"2018-08-09";"CRD";"2018-08-09";"0000-00-00";"0";"-113.5";"-113.5";"1";"0";"0"
"648";"90DAAE1";"2018-08-09";"CRD";"2018-08-09";"0000-00-00";"453.5";"340";"0";"1";"348";"4"
"649";"FA19609";"2018-08-09";"DEB";"2018-08-09";"2018-08-09";"32.9";"32.9";"0";"0";"408";"3"
"650";"92D3D48";"2018-08-09";"CRD";"2018-08-09";"0000-00-00";"109.8";"109.8";"109.8";"1";"129";"4"
"651";"5A42032";"2018-08-09";"CRD";"2018-08-09";"0000-00-00";"109.7";"109.7";"0";"1";"346";"4"
"652";"5727771";"2018-08-09";"CRD";"2018-08-09";"0000-00-00";"149.9";"149.9";"24.9";"1";"335";"4"
"653";"D85E5D6";"2018-08-09";"CRD";"2018-08-09";"0000-00-00";"469.6";"469.6";"109.5";"1";"82";"4"
"654";"43BD0F4";"2018-08-09";"CRD";"2018-08-09";"0000-00-00";"119.8";"119.8";"119.8";"1";"407";"4"
"655";"DF24307";"2018-08-09";"CRD";"2018-08-09";"0000-00-00";"219.7";"209.8";"209.8";"1";"320";"4"
"656";"4671780";"2018-08-10";"DIN";"2018-08-10";"2018-08-10";"299.4";"250";"0";"0";"198";"3"
"657";"73C51A7";"2018-08-10";"CRE";"2018-08-10";"0000-00-00";"39.9";"39.9";"39.9";"1";"457";"3"
"658";"9A9EC19";"2018-08-10";"CRD";"2018-08-10";"0000-00-00";"199.8";"199.8";"199.8";"1";"30";"4"
"659";"049BD73";"2018-08-10";"CRD";"2018-08-10";"0000-00-00";"99.8";"99.8";"0";"1";"197";"4"
"660";"2B4C0B7";"2018-08-10";"CRD";"2018-08-10";"0000-00-00";"109.9";"109.9";"109.9";"1";"106";"4"
"661";"A2AB663";"2018-08-10";"CRD";"2018-08-10";"0000-00-00";"39.9";"39.9";"0";"1";"205";"4"
"662";"D3B6E01";"2018-08-10";"CRD";"2018-08-10";"0000-00-00";"159.7";"159.7";"159.7";"1";"319";"4"
"663";"6EBF06E";"2018-08-10";"CRD";"2018-08-10";"0000-00-00";"32.9";"32.9";"32.9";"1";"319";"4"
"664";"6222A9D";"2018-08-10";"CRD";"2018-08-10";"0000-00-00";"109.7";"88";"0";"1";"163";"4"
"665";"E839E9B";"2018-08-10";"CRD";"2018-08-10";"0000-00-00";"69.9";"69.9";"69.9";"1";"106";"4"
"666";"A52B41B";"2018-08-11";"CRD";"2018-08-11";"0000-00-00";"459.9";"459.9";"459.9";"1";"11";"4"
"667";"19F2210";"2018-08-11";"CRD";"2018-08-11";"0000-00-00";"978.6";"967.7";"587.7";"1";"472";"4"
"668";"2ABCA8E";"2018-08-11";"CRD";"2018-08-11";"0000-00-00";"179.6";"179.6";"59.7";"1";"451";"4"
"669";"255D609";"2018-08-11";"CRD";"2018-08-11";"0000-00-00";"39.9";"39.9";"39.9";"1";"49";"4"
"670";"EE8DEBF";"2018-08-11";"CRD";"2018-08-11";"0000-00-00";"0";"0";"0";"1";"0";"4"
"671";"0B358C8";"2018-08-11";"CRD";"2018-08-11";"0000-00-00";"419.9";"419.9";"419.9";"1";"82";"4"
"672";"9BBFE91";"2018-08-11";"CRD";"2018-08-11";"0000-00-00";"69.8";"69.8";"69.8";"1";"162";"4"
"673";"B9AE525";"2018-08-11";"CRD";"2018-08-11";"0000-00-00";"0";"0";"0";"1";"0";"0"
"674";"17D7740";"2018-08-11";"CRD";"2018-08-11";"0000-00-00";"349.3";"349.3";"279.1";"1";"449";"3"
"675";"A069C0E";"2018-08-11";"CRD";"2018-08-11";"0000-00-00";"209.7";"209.7";"109.7";"1";"130";"3"
"676";"B5F25F9";"2018-08-11";"DEB";"2018-08-11";"2018-08-11";"89.9";"89.9";"0";"0";"473";"4"
"677";"E024C1E";"2018-08-11";"CRD";"2018-08-11";"0000-00-00";"209.3";"175";"175";"1";"165";"3"
"678";"536FBA1";"2018-08-11";"DIN";"2018-08-11";"2018-08-11";"36.9";"36";"0";"0";"292";"3"
"679";"DA159FE";"2018-08-11";"CRE";"2018-08-11";"0000-00-00";"184.8";"184.8";"0";"1";"44";"4"
"680";"ACF3960";"2018-08-11";"CRD";"2018-08-11";"0000-00-00";"229.7";"229.7";"229.7";"1";"335";"4"
"681";"D09257A";"2018-08-11";"CRE";"2018-08-11";"0000-00-00";"0";"0";"-159.8";"1";"0";"0"
"682";"9F04F97";"2018-08-11";"CRE";"2018-08-11";"0000-00-00";"159.8";"159.8";"0";"1";"108";"4"
"683";"ACD1356";"2018-08-11";"CRD";"2018-08-11";"0000-00-00";"975";"965.1";"965.1";"1";"312";"4"
"684";"D460338";"2018-08-11";"CRD";"2018-08-11";"0000-00-00";"189.5";"189.5";"39.5";"1";"133";"3"
"685";"2147E0E";"2018-08-11";"CRD";"2018-08-11";"0000-00-00";"39.9";"39.9";"39.9";"1";"51";"3"
"686";"BB3104F";"2018-08-11";"CRD";"2018-08-11";"0000-00-00";"0";"0";"0";"1";"0";"3"
"687";"024DF8D";"2018-08-11";"CRD";"2018-08-11";"0000-00-00";"1188.3";"1100";"980";"1";"224";"3"
"688";"6A68FEF";"2018-08-11";"CRD";"2018-08-11";"0000-00-00";"39.9";"39.9";"39.9";"1";"224";"4"
"689";"3081F97";"2018-08-11";"CRD";"2018-08-11";"0000-00-00";"109";"89";"89";"1";"224";"4"
"690";"5E8BB7A";"2018-08-11";"CRD";"2018-08-11";"0000-00-00";"109.8";"109.8";"109.8";"1";"312";"4"
"691";"91966C8";"2018-08-11";"DIN";"2018-08-11";"2018-08-11";"129.6";"105";"0";"0";"474";"3"
"692";"FC79CC8";"2018-08-11";"DIN";"2018-08-11";"2018-08-11";"39.9";"39.9";"0";"0";"475";"3"
"693";"8E99DCA";"2018-08-14";"CRD";"2018-08-14";"0000-00-00";"159.7";"159.7";"59.7";"1";"477";"4"
"694";"B2C09FA";"2018-08-14";"CRD";"2018-08-14";"0000-00-00";"426.3";"426.3";"426.3";"1";"184";"4"
"695";"6BC719E";"2018-08-14";"CRE";"2018-08-14";"0000-00-00";"89.9";"89.9";"0";"1";"476";"4"
"696";"4251B06";"2018-08-14";"CRD";"2018-08-14";"0000-00-00";"350";"350";"350";"1";"27";"4"
"697";"A5ABED3";"2018-08-15";"DIN";"2018-08-15";"2018-08-15";"49.9";"49.9";"0";"0";"476";"3"
"698";"86B2333";"2018-08-15";"CRD";"2018-08-15";"0000-00-00";"937.9";"937.9";"937.9";"1";"85";"4"
"699";"9E722A0";"2018-08-15";"CRD";"2018-08-15";"0000-00-00";"39.9";"39.9";"0";"1";"124";"3"
"700";"3317B18";"2018-08-20";"CRD";"2018-08-20";"0000-00-00";"29.9";"29.9";"0.0000000000000142109";"1";"124";"4"
"701";"C733BF0";"2018-08-21";"CRD";"2018-08-21";"0000-00-00";"35.9";"35.9";"0.0000000000000355271";"1";"346";"4"
"702";"5C8738D";"2018-08-21";"CRD";"2018-08-21";"0000-00-00";"149.8";"149.8";"149.8";"1";"412";"4"
"703";"26BCFBC";"2018-08-16";"CRD";"2018-08-16";"0000-00-00";"79.9";"67.9";"67.9";"1";"256";"3"
"704";"0CD1527";"2018-08-16";"DEB";"2018-08-16";"2018-08-16";"149.8";"149.8";"0";"0";"307";"3"
"705";"2D5CFC3";"2018-08-16";"CRD";"2018-08-16";"0000-00-00";"99.7";"0";"0";"1";"303";"3"
"706";"08A9236";"2018-08-16";"CRD";"2018-08-16";"0000-00-00";"89.9";"89.9";"89.9";"1";"181";"3"
"707";"581F21B";"2018-08-16";"CRD";"2018-08-16";"0000-00-00";"99.7";"99.7";"0";"1";"303";"3"
"708";"164B27E";"2018-08-17";"CRD";"2018-08-17";"0000-00-00";"232.7";"232.7";"232.7";"1";"32";"3"
"709";"A48D5CC";"2018-08-17";"CRD";"2018-08-17";"0000-00-00";"179.8";"179.8";"179.8";"1";"27";"3"
"710";"5C04E42";"2018-08-17";"CRD";"2018-08-17";"0000-00-00";"59.8";"59.8";"50";"1";"345";"3"
"711";"7415116";"2018-08-17";"CRD";"2018-08-17";"0000-00-00";"109.9";"109.9";"109.9";"1";"30";"3"
"712";"4C6A143";"2018-08-17";"CRD";"2018-08-17";"0000-00-00";"439.9";"439.9";"439.9";"1";"92";"3"
"713";"E55E8A9";"2018-08-18";"DEB";"2018-08-18";"2018-08-18";"109.9";"50";"0";"0";"439";"3"
"714";"FA2D50D";"2018-08-18";"CRD";"2018-08-18";"0000-00-00";"279.6";"279.6";"279.6";"1";"412";"3"
"715";"B603480";"2018-08-24";"CRD";"2018-08-24";"0000-00-00";"199.8";"199.8";"199.8";"1";"345";"3"
"716";"47CBC2C";"2018-08-24";"CRD";"2018-08-24";"0000-00-00";"109.9";"109.9";"109.9";"1";"82";"3"
"717";"F672FEE";"2018-08-24";"CRD";"2018-08-24";"0000-00-00";"89.9";"89.9";"89.9";"1";"130";"3"
"718";"1DDAD71";"2018-08-24";"CRD";"2018-08-24";"0000-00-00";"144.8";"144.8";"144.8";"1";"51";"3"
"719";"16A5C6E";"2018-08-24";"CRD";"2018-08-24";"0000-00-00";"29.9";"29.9";"29.9";"1";"160";"3"
"720";"D02970E";"2018-08-24";"CRD";"2018-08-24";"0000-00-00";"76.8";"76.8";"36.9";"1";"113";"3"
"721";"122CF15";"2018-03-27";"CRD";"2018-03-27";"0000-00-00";"1210";"1210";"1010";"1";"128";"3"
"722";"AEB7D9E";"2018-08-24";"CRD";"2018-08-24";"0000-00-00";"39.9";"39.9";"39.9";"1";"198";"3"
"723";"8093068";"2018-08-24";"CRD";"2018-08-24";"0000-00-00";"36.9";"36.9";"0";"1";"479";"3"
"724";"0EBD5C7";"2018-08-25";"CRD";"2018-08-25";"0000-00-00";"199.7";"199.7";"199.7";"1";"198";"4"
"725";"992BE7C";"2018-08-27";"CRD";"2018-08-27";"0000-00-00";"179.8";"179.8";"179.8";"1";"198";"4"
"726";"21845B1";"2018-08-28";"CRD";"2018-08-28";"0000-00-00";"350";"350";"350";"1";"480";"4"
"727";"053BB57";"2018-08-28";"CRD";"2018-08-28";"0000-00-00";"219.8";"219.8";"219.8";"1";"226";"3"
"728";"BBFBF67";"2018-08-29";"DEB";"2018-08-29";"2018-08-29";"393.5";"132";"0";"0";"465";"3"
"729";"4B3FCE0";"2018-08-29";"CRD";"2018-08-29";"0000-00-00";"609.2";"609.2";"609.2";"1";"11";"3"
"730";"5C85AB4";"2018-08-29";"CRD";"2018-08-29";"0000-00-00";"182.8";"182.8";"182.8";"1";"164";"3"
"731";"3BE2DDA";"2018-08-29";"DIN";"2018-08-29";"2018-08-29";"79.9";"50";"0";"0";"280";"3"
"732";"A09BE26";"2018-08-30";"CRD";"2018-08-30";"0000-00-00";"221.7";"119.7";"119.7";"1";"164";"3"
"733";"7A95FA2";"2018-08-31";"CRD";"2018-08-31";"0000-00-00";"149.9";"149.9";"149.9";"1";"310";"3"
"734";"10A2FAF";"2018-08-31";"CRE";"2018-08-31";"0000-00-00";"229.7";"229.7";"0";"1";"481";"4"
"735";"5E6EA88";"2018-09-01";"CRD";"2018-09-01";"0000-00-00";"39.9";"39.9";"39.9";"1";"51";"4"
"736";"5CCF9B4";"2018-09-01";"DIN";"2018-09-01";"2018-09-01";"39.9";"30";"0";"0";"86";"4"
"737";"9A7282E";"2018-09-03";"CRD";"2018-09-03";"0000-00-00";"389.3";"389.3";"389.3";"1";"482";"3"
"738";"68CE46C";"2018-09-03";"CRD";"2018-09-03";"0000-00-00";"269.6";"240";"140";"1";"21";"4"
"739";"55B6285";"2018-09-04";"DIN";"2018-09-04";"2018-09-04";"159.6";"159.6";"0";"0";"483";"4"
"740";"46BA7B7";"2018-09-04";"CRD";"2018-09-04";"0000-00-00";"159.8";"129.8";"129.8";"1";"23";"4"
"741";"CB7A007";"2018-09-05";"DIN";"2018-09-05";"2018-09-05";"382.1";"380";"0";"0";"484";"4"
"742";"B0C114E";"2018-09-05";"CRD";"2018-09-05";"0000-00-00";"59.8";"59.8";"59.8";"1";"165";"3"
"743";"3D967F2";"2018-09-06";"DIN";"2018-09-06";"2018-09-06";"109.8";"109.8";"0";"0";"485";"3"
"744";"FDF22ED";"2018-09-08";"CRD";"2018-09-08";"0000-00-00";"471.2";"471.2";"471.2";"1";"486";"4"
"745";"57DC7E9";"2018-09-08";"CRD";"2018-09-08";"0000-00-00";"159.6";"159.6";"159.6";"1";"259";"4"
"746";"CADDBA2";"2018-09-08";"CRD";"2018-09-08";"0000-00-00";"89.8";"89.8";"89.8";"1";"298";"4"
"747";"A383B9E";"2018-09-08";"CRD";"2018-09-08";"0000-00-00";"209.7";"209.7";"209.7";"1";"472";"4"
"748";"26F6BC5";"2018-09-08";"DIN";"2018-09-08";"2018-09-08";"59.9";"50";"0";"0";"130";"4"
"749";"DD682F9";"2018-09-08";"DIN";"2018-09-08";"2018-09-08";"59.9";"50";"0";"0";"130";"4"
"750";"8207B01";"2018-09-08";"CRD";"2018-09-08";"0000-00-00";"26.9";"26.9";"26.9";"1";"472";"4"
"751";"D028893";"2018-09-10";"DEB";"2018-09-10";"2018-09-10";"159.6";"159.6";"0";"0";"487";"4"
"752";"985C2A9";"2018-10-13";"DIN";"2018-09-12";"0000-00-00";"259.5";"259.5";"0";"0";"488";"4"
"753";"CDBC4AB";"2018-09-13";"CRD";"2018-09-13";"0000-00-00";"79.8";"59.8";"59.8";"1";"165";"4"
"754";"68669D4";"2018-09-13";"CRD";"2018-09-13";"0000-00-00";"109.9";"109.9";"109.9";"1";"398";"4"
"755";"4213960";"2018-09-14";"CRD";"2018-09-14";"0000-00-00";"109.9";"109.9";"109.9";"1";"352";"4"
"756";"A60EBAC";"2018-09-14";"CRD";"2018-09-14";"0000-00-00";"29.9";"29.9";"29.9";"1";"316";"4"
"757";"6B3D5E0";"2018-09-15";"CRD";"2018-09-15";"0000-00-00";"35.9";"35.9";"35.9";"1";"106";"4"
"758";"9415BA3";"2018-09-17";"DEB";"2018-09-17";"2018-09-17";"95";"95";"0";"0";"394";"4"
"759";"F2F69C1";"2018-09-21";"CRD";"2018-09-21";"0000-00-00";"39.9";"39.9";"0";"1";"396";"3"
"760";"758D836";"2018-09-21";"CRD";"2018-09-21";"0000-00-00";"39.9";"39.9";"39.9";"1";"102";"3"
"761";"DD6B34B";"2018-09-21";"CRD";"2018-09-21";"0000-00-00";"289.7";"289.7";"139.7";"1";"349";"3"
"762";"EDD484C";"2018-09-21";"CRD";"2018-09-21";"0000-00-00";"73.9";"39.9";"39.9";"1";"160";"3"
"763";"D09C300";"2018-09-21";"CRD";"2018-09-21";"0000-00-00";"75.9";"60";"60";"1";"133";"3"
"764";"65D792C";"2018-09-21";"CRD";"2018-09-21";"0000-00-00";"29.9";"29.9";"29.9";"1";"281";"3"
"765";"B0B0DD2";"2018-09-21";"CRD";"2018-09-21";"0000-00-00";"109.7";"109.7";"109.7";"1";"303";"4"
"766";"B1B669B";"2018-09-21";"CRD";"2018-09-21";"0000-00-00";"39.9";"39.9";"39.9";"1";"372";"4"
"767";"FB1F01B";"2018-09-21";"CRD";"2018-09-21";"0000-00-00";"179.7";"179.7";"112.7";"1";"197";"3"
"768";"4E407BF";"2018-09-21";"CRD";"2018-09-21";"0000-00-00";"479.2";"479.2";"479.2";"1";"11";"3"
"769";"2D9EE40";"2018-09-21";"CRD";"2018-09-21";"0000-00-00";"526.1";"506.2";"506.2";"1";"320";"3"
"770";"6B5F67E";"2018-09-21";"CRD";"2018-09-21";"0000-00-00";"119.7";"119.7";"119.7";"1";"407";"3"
"771";"0F76411";"2018-09-22";"CRD";"2018-09-22";"0000-00-00";"39.9";"39.9";"39.9";"1";"160";"4"
"772";"BE3281E";"2018-09-22";"CRD";"2018-09-22";"0000-00-00";"190.7";"160.7";"160.7";"1";"472";"4"
"773";"FD3611B";"2018-09-22";"CRD";"2018-09-22";"0000-00-00";"109.8";"100";"100";"1";"316";"4"
"774";"C8BFDC2";"2018-09-24";"CRD";"2018-09-24";"0000-00-00";"134.7";"125";"125";"1";"281";"4"
"775";"8B347D2";"2018-09-25";"CRD";"2018-09-25";"0000-00-00";"299.6";"299.6";"299.6";"1";"300";"4"
"776";"287183F";"2018-09-25";"CRD";"2018-09-25";"0000-00-00";"39.9";"39.9";"39.9";"1";"300";"4"
"777";"AED22B8";"2018-09-26";"CRE";"2018-09-26";"0000-00-00";"89.9";"89.9";"0";"1";"489";"4"
"778";"EADADD8";"2018-09-27";"CRD";"2018-09-27";"0000-00-00";"79.9";"79.9";"0";"1";"354";"4"
"779";"C6CCD45";"2018-09-29";"CRD";"2018-09-29";"0000-00-00";"99.8";"99.8";"99.8";"1";"482";"4"
"780";"53EDDB0";"2018-09-29";"CRD";"2018-09-29";"0000-00-00";"115.7";"115.7";"115.7";"1";"30";"4"
"781";"698BD67";"2018-09-29";"CRD";"2018-09-29";"0000-00-00";"189.6";"189.6";"189.6";"1";"304";"4"
"783";"857C5B0";"2018-10-03";"CRD";"2018-10-03";"0000-00-00";"92.8";"92.8";"92.8";"1";"320";"4"
"785";"5CBE4BE";"2018-10-03";"CRD";"2018-10-03";"0000-00-00";"39.9";"39.9";"39.9";"1";"320";"4"
"786";"F76E2C8";"2018-10-03";"CRD";"2018-10-03";"0000-00-00";"134.8";"134.8";"134.8";"1";"99";"4"
"787";"0E7A95D";"2018-10-03";"CRD";"2018-10-03";"0000-00-00";"525.9";"525.9";"525.9";"1";"165";"4"
"788";"BF90544";"2018-10-04";"CRD";"2018-10-04";"0000-00-00";"69.9";"69.9";"69.9";"1";"102";"4"
"789";"0A6A5EF";"2018-10-04";"CRD";"2018-10-04";"0000-00-00";"119.7";"119.7";"119.7";"1";"133";"4"
"791";"5EE67AD";"2018-10-05";"CRD";"2018-10-05";"0000-00-00";"853.8";"833.9";"833.9";"1";"129";"4"
"792";"16E1624";"2018-10-05";"CRD";"2018-10-05";"0000-00-00";"365.5";"365.5";"365.5";"1";"33";"3"
"793";"76D7C8E";"2018-10-05";"CRD";"2018-10-05";"0000-00-00";"179.8";"179.8";"179.8";"1";"346";"3"
"794";"39D9969";"2018-10-06";"CRD";"2018-10-06";"0000-00-00";"39.9";"39.9";"39.9";"1";"346";"3"
"795";"CFF87D8";"2018-10-06";"CRD";"2018-10-06";"0000-00-00";"39.9";"39.9";"39.9";"1";"49";"3"
