"idcompras";"idcliente";"idproduto";"qtdproduto";"titulo";"datacompra"
"1";"22";"399";"2";"084CCF2";"2018-04-02 12:04:00"
"2";"23";"403";"1";"43D61B6";"2018-04-02 12:04:00"
"3";"23";"397";"1";"43D61B6";"2018-04-02 12:04:00"
"4";"23";"411";"1";"43D61B6";"2018-04-02 12:04:00"
"8";"11";"405";"2";"1D36557";"2018-04-02 13:04:00"
"9";"11";"404";"1";"1D36557";"2018-04-02 13:04:00"
"10";"11";"400";"1";"1D36557";"2018-04-02 13:04:00"
"11";"6";"405";"2";"BCF95E4";"2018-04-02 14:04:00"
"12";"6";"402";"1";"BCF95E4";"2018-04-02 14:04:00"
"13";"6";"398";"1";"BCF95E4";"2018-04-02 14:04:00"
"14";"6";"412";"1";"BCF95E4";"2018-04-02 14:04:00"
"15";"5";"405";"1";"6DE6F77";"2018-04-02 14:04:00"
"16";"5";"404";"1";"6DE6F77";"2018-04-02 14:04:00"
"17";"5";"400";"1";"6DE6F77";"2018-04-02 14:04:00"
"18";"5";"408";"1";"6DE6F77";"2018-04-02 14:04:00"
"19";"10";"405";"1";"9DE498C";"2018-04-02 14:04:00"
"20";"10";"414";"1";"9DE498C";"2018-04-02 14:04:00"
"21";"28";"405";"1";"83664BC";"2018-04-02 14:04:00"
"22";"28";"398";"1";"83664BC";"2018-04-02 14:04:00"
"23";"28";"397";"1";"83664BC";"2018-04-02 14:04:00"
"24";"28";"412";"1";"83664BC";"2018-04-02 14:04:00"
"25";"43";"405";"1";"C3E52A0";"2018-04-02 14:04:00"
"26";"43";"401";"1";"C3E52A0";"2018-04-02 14:04:00"
"27";"43";"397";"1";"C3E52A0";"2018-04-02 14:04:00"
"28";"43";"413";"1";"C3E52A0";"2018-04-02 14:04:00"
"29";"27";"400";"1";"6616ACB";"2018-04-02 14:04:00"
"30";"27";"414";"1";"6616ACB";"2018-04-02 14:04:00"
"31";"30";"405";"1";"8E2787B";"2018-04-02 14:04:00"
"32";"30";"412";"1";"8E2787B";"2018-04-02 14:04:00"
"33";"31";"405";"1";"AD26350";"2018-04-02 14:04:00"
"34";"31";"401";"1";"AD26350";"2018-04-02 14:04:00"
"35";"31";"397";"1";"AD26350";"2018-04-02 14:04:00"
"36";"31";"413";"1";"AD26350";"2018-04-02 14:04:00"
"37";"32";"400";"1";"94E5778";"2018-04-02 14:04:00"
"38";"32";"414";"1";"94E5778";"2018-04-02 14:04:00"
"39";"34";"400";"1";"55491A0";"2018-04-02 14:04:00"
"40";"34";"398";"1";"55491A0";"2018-04-02 14:04:00"
"41";"34";"407";"1";"55491A0";"2018-04-02 14:04:00"
"42";"36";"405";"3";"3E72F54";"2018-04-02 14:04:00"
"43";"36";"401";"1";"3E72F54";"2018-04-02 14:04:00"
"44";"36";"398";"1";"3E72F54";"2018-04-02 14:04:00"
"45";"36";"407";"1";"3E72F54";"2018-04-02 14:04:00"
"46";"82";"403";"1";"D11E0EA";"2018-04-02 14:04:00"
"47";"82";"399";"2";"D11E0EA";"2018-04-02 14:04:00"
"48";"82";"413";"1";"D11E0EA";"2018-04-02 14:04:00"
"49";"79";"399";"1";"6FC2AD3";"2018-04-02 14:04:00"
"50";"79";"414";"1";"6FC2AD3";"2018-04-02 14:04:00"
"51";"75";"403";"1";"846E66B";"2018-04-02 15:04:00"
"52";"75";"398";"1";"846E66B";"2018-04-02 15:04:00"
"53";"75";"397";"1";"846E66B";"2018-04-02 15:04:00"
"54";"75";"410";"1";"846E66B";"2018-04-02 15:04:00"
"55";"55";"405";"2";"FC305A1";"2018-04-02 15:04:00"
"56";"55";"401";"1";"FC305A1";"2018-04-02 15:04:00"
"57";"55";"397";"1";"FC305A1";"2018-04-02 15:04:00"
"58";"55";"410";"1";"FC305A1";"2018-04-02 15:04:00"
"59";"83";"405";"2";"0A92E06";"2018-04-02 15:04:00"
"60";"83";"403";"1";"0A92E06";"2018-04-02 15:04:00"
"61";"83";"414";"1";"0A92E06";"2018-04-02 15:04:00"
"62";"49";"400";"1";"64A3A99";"2018-04-02 15:04:00"
"63";"49";"398";"1";"64A3A99";"2018-04-02 15:04:00"
"64";"48";"402";"1";"FD47DE8";"2018-04-02 15:04:00"
"65";"48";"398";"1";"FD47DE8";"2018-04-02 15:04:00"
"66";"48";"414";"1";"FD47DE8";"2018-04-02 15:04:00"
"67";"51";"403";"1";"81D9447";"2018-04-02 15:04:00"
"68";"51";"400";"1";"81D9447";"2018-04-02 15:04:00"
"69";"51";"398";"1";"81D9447";"2018-04-02 15:04:00"
"70";"51";"409";"0";"81D9447";"2018-04-02 15:04:00"
"71";"51";"411";"1";"81D9447";"2018-04-02 15:04:00"
"72";"52";"400";"1";"3FFCC19";"2018-04-02 15:04:00"
"73";"52";"407";"1";"3FFCC19";"2018-04-02 15:04:00"
"74";"53";"400";"1";"B653819";"2018-04-02 15:04:00"
"75";"53";"397";"1";"B653819";"2018-04-02 15:04:00"
"76";"53";"407";"1";"B653819";"2018-04-02 15:04:00"
"77";"107";"401";"1";"786FACF";"2018-04-02 15:04:00"
"78";"107";"398";"3";"786FACF";"2018-04-02 15:04:00"
"79";"107";"407";"1";"786FACF";"2018-04-02 15:04:00"
"80";"101";"403";"1";"443A793";"2018-04-02 15:04:00"
"81";"101";"398";"1";"443A793";"2018-04-02 15:04:00"
"82";"101";"410";"1";"443A793";"2018-04-02 15:04:00"
"86";"105";"404";"1";"C0A73F4";"2018-04-02 15:04:00"
"87";"105";"399";"1";"C0A73F4";"2018-04-02 15:04:00"
"88";"105";"414";"1";"C0A73F4";"2018-04-02 15:04:00"
"89";"104";"403";"1";"1C005E0";"2018-04-02 15:04:00"
"90";"106";"405";"1";"24B07B1";"2018-04-02 15:04:00"
"91";"106";"398";"3";"24B07B1";"2018-04-02 15:04:00"
"92";"106";"406";"1";"24B07B1";"2018-04-02 15:04:00"
"93";"92";"405";"1";"CD123B3";"2018-04-02 15:04:00"
"94";"100";"401";"1";"6C4CB21";"2018-04-02 15:04:00"
"95";"100";"399";"1";"6C4CB21";"2018-04-02 15:04:00"
"96";"99";"404";"1";"860FCD4";"2018-04-02 15:04:00"
"97";"99";"400";"1";"860FCD4";"2018-04-02 15:04:00"
"98";"99";"414";"1";"860FCD4";"2018-04-02 15:04:00"
"99";"87";"405";"1";"8263F98";"2018-04-02 15:04:00"
"100";"87";"401";"1";"8263F98";"2018-04-02 15:04:00"
"101";"87";"398";"1";"8263F98";"2018-04-02 15:04:00"
"102";"87";"397";"1";"8263F98";"2018-04-02 15:04:00"
"103";"87";"413";"1";"8263F98";"2018-04-02 15:04:00"
"104";"86";"400";"1";"8A03898";"2018-04-02 15:04:00"
"107";"392";"404";"1";"1404785";"2018-04-02 16:04:00"
"108";"392";"400";"1";"1404785";"2018-04-02 16:04:00"
"109";"392";"398";"1";"1404785";"2018-04-02 16:04:00"
"110";"392";"409";"1";"1404785";"2018-04-02 16:04:00"
"111";"85";"403";"1";"876A9DD";"2018-04-02 16:04:00"
"112";"85";"408";"1";"876A9DD";"2018-04-02 16:04:00"
"113";"115";"405";"1";"9BC52B2";"2018-04-02 16:04:00"
"114";"115";"398";"1";"9BC52B2";"2018-04-02 16:04:00"
"115";"115";"397";"1";"9BC52B2";"2018-04-02 16:04:00"
"116";"115";"410";"1";"9BC52B2";"2018-04-02 16:04:00"
"117";"111";"405";"1";"1550D1E";"2018-04-02 16:04:00"
"118";"111";"401";"1";"1550D1E";"2018-04-02 16:04:00"
"119";"111";"408";"1";"1550D1E";"2018-04-02 16:04:00"
"120";"111";"397";"1";"1550D1E";"2018-04-02 16:04:00"
"121";"111";"398";"1";"1550D1E";"2018-04-02 16:04:00"
"122";"110";"399";"2";"D64312B";"2018-04-02 16:04:00"
"123";"138";"405";"1";"2DC045E";"2018-04-02 16:04:00"
"124";"138";"398";"1";"2DC045E";"2018-04-02 16:04:00"
"125";"138";"414";"1";"2DC045E";"2018-04-02 16:04:00"
"126";"129";"402";"1";"78F5DDE";"2018-04-02 16:04:00"
"127";"129";"405";"1";"78F5DDE";"2018-04-02 16:04:00"
"128";"129";"397";"1";"78F5DDE";"2018-04-02 16:04:00"
"129";"129";"406";"1";"78F5DDE";"2018-04-02 16:04:00"
"130";"148";"404";"1";"D1B800B";"2018-04-02 16:04:00"
"131";"148";"398";"3";"D1B800B";"2018-04-02 16:04:00"
"132";"148";"412";"1";"D1B800B";"2018-04-02 16:04:00"
"133";"152";"405";"2";"55B0A82";"2018-04-02 16:04:00"
"134";"152";"404";"1";"55B0A82";"2018-04-02 16:04:00"
"135";"152";"400";"1";"55B0A82";"2018-04-02 16:04:00"
"136";"152";"399";"1";"55B0A82";"2018-04-02 16:04:00"
"137";"152";"412";"1";"55B0A82";"2018-04-02 16:04:00"
"138";"153";"405";"1";"2758093";"2018-04-02 16:04:00"
"139";"153";"400";"1";"2758093";"2018-04-02 16:04:00"
"140";"153";"414";"1";"2758093";"2018-04-02 16:04:00"
"141";"154";"405";"1";"DB104B8";"2018-04-02 16:04:00"
"142";"154";"402";"1";"DB104B8";"2018-04-02 16:04:00"
"143";"390";"404";"1";"F7727E8";"2018-04-02 16:04:00"
"144";"390";"402";"1";"F7727E8";"2018-04-02 16:04:00"
"145";"390";"397";"1";"F7727E8";"2018-04-02 16:04:00"
"146";"390";"398";"1";"F7727E8";"2018-04-02 16:04:00"
"147";"390";"411";"1";"F7727E8";"2018-04-02 16:04:00"
"148";"156";"403";"1";"3E407AA";"2018-04-02 16:04:00"
"149";"156";"400";"1";"3E407AA";"2018-04-02 16:04:00"
"150";"156";"398";"1";"3E407AA";"2018-04-02 16:04:00"
"151";"156";"406";"1";"3E407AA";"2018-04-02 16:04:00"
"152";"158";"403";"1";"6D6DB3F";"2018-04-02 16:04:00"
"153";"158";"399";"1";"6D6DB3F";"2018-04-02 16:04:00"
"154";"158";"400";"1";"6D6DB3F";"2018-04-02 16:04:00"
"155";"158";"410";"1";"6D6DB3F";"2018-04-02 16:04:00"
"156";"159";"403";"1";"2E54759";"2018-04-02 16:04:00"
"157";"159";"414";"1";"2E54759";"2018-04-02 16:04:00"
"158";"162";"404";"1";"82A0D2B";"2018-04-02 16:04:00"
"159";"162";"405";"1";"82A0D2B";"2018-04-02 16:04:00"
"160";"162";"414";"1";"82A0D2B";"2018-04-02 16:04:00"
"161";"163";"400";"1";"5B91AE7";"2018-04-02 16:04:00"
"162";"163";"398";"1";"5B91AE7";"2018-04-02 16:04:00"
"163";"164";"405";"1";"42497D2";"2018-04-02 16:04:00"
"164";"164";"400";"1";"42497D2";"2018-04-02 16:04:00"
"165";"164";"398";"1";"42497D2";"2018-04-02 16:04:00"
"166";"164";"413";"1";"42497D2";"2018-04-02 16:04:00"
"167";"165";"405";"1";"0F611D6";"2018-04-02 16:04:00"
"168";"165";"402";"1";"0F611D6";"2018-04-02 16:04:00"
"169";"165";"398";"1";"0F611D6";"2018-04-02 16:04:00"
"170";"165";"397";"1";"0F611D6";"2018-04-02 16:04:00"
"171";"165";"414";"1";"0F611D6";"2018-04-02 16:04:00"
"172";"166";"401";"1";"062C97B";"2018-04-02 16:04:00"
"173";"166";"413";"1";"062C97B";"2018-04-02 16:04:00"
"174";"168";"398";"1";"66F74F3";"2018-04-02 16:04:00"
"175";"168";"401";"1";"66F74F3";"2018-04-02 16:04:00"
"176";"168";"407";"1";"66F74F3";"2018-04-02 16:04:00"
"177";"169";"399";"2";"36C288E";"2018-04-02 16:04:00"
"178";"170";"405";"1";"22B3AEE";"2018-04-02 16:04:00"
"179";"170";"400";"1";"22B3AEE";"2018-04-02 16:04:00"
"180";"170";"414";"1";"22B3AEE";"2018-04-02 16:04:00"
"181";"175";"404";"1";"D1641BE";"2018-04-02 16:04:00"
"182";"175";"405";"1";"D1641BE";"2018-04-02 16:04:00"
"183";"175";"400";"1";"D1641BE";"2018-04-02 16:04:00"
"184";"175";"398";"1";"D1641BE";"2018-04-02 16:04:00"
"185";"175";"411";"1";"D1641BE";"2018-04-02 16:04:00"
"186";"180";"404";"1";"1A461F7";"2018-04-02 16:04:00"
"187";"180";"402";"1";"1A461F7";"2018-04-02 16:04:00"
"188";"180";"413";"1";"1A461F7";"2018-04-02 16:04:00"
"189";"178";"402";"1";"51E61E0";"2018-04-02 17:04:00"
"190";"178";"401";"1";"51E61E0";"2018-04-02 17:04:00"
"191";"178";"410";"1";"51E61E0";"2018-04-02 17:04:00"
"192";"181";"405";"2";"6D4758B";"2018-04-02 17:04:00"
"193";"181";"411";"1";"6D4758B";"2018-04-02 17:04:00"
"194";"182";"404";"1";"F57C871";"2018-04-02 17:04:00"
"195";"182";"403";"1";"F57C871";"2018-04-02 17:04:00"
"196";"182";"398";"3";"F57C871";"2018-04-02 17:04:00"
"197";"182";"411";"1";"F57C871";"2018-04-02 17:04:00"
"198";"203";"404";"1";"5F3A757";"2018-04-02 17:04:00"
"199";"203";"411";"1";"5F3A757";"2018-04-02 17:04:00"
"200";"202";"401";"1";"1850E15";"2018-04-02 17:04:00"
"201";"202";"414";"1";"1850E15";"2018-04-02 17:04:00"
"202";"183";"403";"1";"7FCBCBD";"2018-04-02 17:04:00"
"203";"183";"399";"2";"7FCBCBD";"2018-04-02 17:04:00"
"204";"183";"414";"1";"7FCBCBD";"2018-04-02 17:04:00"
"205";"197";"400";"1";"8BD2B53";"2018-04-02 17:04:00"
"206";"197";"399";"1";"8BD2B53";"2018-04-02 17:04:00"
"207";"197";"410";"1";"8BD2B53";"2018-04-02 17:04:00"
"208";"191";"399";"1";"DEE9A2E";"2018-04-02 17:04:00"
"209";"191";"414";"1";"DEE9A2E";"2018-04-02 17:04:00"
"210";"187";"401";"1";"E75A6BB";"2018-04-02 17:04:00"
"211";"237";"404";"1";"C8AA045";"2018-04-02 17:04:00"
"212";"237";"397";"1";"C8AA045";"2018-04-02 17:04:00"
"213";"237";"398";"1";"C8AA045";"2018-04-02 17:04:00"
"214";"239";"400";"1";"9B0F94D";"2018-04-02 17:04:00"
"215";"242";"401";"1";"63E0C25";"2018-04-02 17:04:00"
"216";"242";"398";"1";"63E0C25";"2018-04-02 17:04:00"
"217";"242";"411";"1";"63E0C25";"2018-04-02 17:04:00"
"218";"256";"404";"2";"05E34CD";"2018-04-02 17:04:00"
"219";"256";"399";"2";"05E34CD";"2018-04-02 17:04:00"
"220";"256";"411";"1";"05E34CD";"2018-04-02 17:04:00"
"221";"204";"400";"1";"60CF56F";"2018-04-02 17:04:00"
"222";"204";"414";"1";"60CF56F";"2018-04-02 17:04:00"
"223";"212";"399";"1";"F24D739";"2018-04-02 17:04:00"
"224";"212";"400";"1";"F24D739";"2018-04-02 17:04:00"
"225";"212";"406";"1";"F24D739";"2018-04-02 17:04:00"
"226";"264";"404";"2";"57572FA";"2018-04-02 17:04:00"
"227";"264";"397";"1";"57572FA";"2018-04-02 17:04:00"
"228";"264";"398";"1";"57572FA";"2018-04-02 17:04:00"
"229";"264";"408";"1";"57572FA";"2018-04-02 17:04:00"
"230";"265";"403";"1";"786CA8C";"2018-04-02 17:04:00"
"231";"265";"398";"3";"786CA8C";"2018-04-02 17:04:00"
"232";"265";"412";"1";"786CA8C";"2018-04-02 17:04:00"
"233";"272";"404";"1";"422420C";"2018-04-02 17:04:00"
"234";"272";"399";"1";"422420C";"2018-04-02 17:04:00"
"235";"272";"408";"1";"422420C";"2018-04-02 17:04:00"
"236";"274";"404";"3";"4DABFA6";"2018-04-02 17:04:00"
"237";"274";"401";"1";"4DABFA6";"2018-04-02 17:04:00"
"238";"274";"397";"1";"4DABFA6";"2018-04-02 17:04:00"
"239";"274";"409";"1";"4DABFA6";"2018-04-02 17:04:00"
"240";"275";"404";"1";"25CD40F";"2018-04-02 17:04:00"
"241";"275";"405";"1";"25CD40F";"2018-04-02 17:04:00"
"242";"275";"397";"1";"25CD40F";"2018-04-02 17:04:00"
"243";"275";"413";"1";"25CD40F";"2018-04-02 17:04:00"
"244";"298";"403";"1";"9354824";"2018-04-02 17:04:00"
"245";"298";"412";"1";"9354824";"2018-04-02 17:04:00"
"246";"291";"398";"3";"ECC705F";"2018-04-02 17:04:00"
"247";"291";"410";"1";"ECC705F";"2018-04-02 17:04:00"
"248";"290";"405";"2";"52B68F2";"2018-04-02 17:04:00"
"249";"290";"401";"1";"52B68F2";"2018-04-02 17:04:00"
"250";"290";"399";"1";"52B68F2";"2018-04-02 17:04:00"
"251";"290";"411";"1";"52B68F2";"2018-04-02 17:04:00"
"252";"289";"404";"1";"DDACF5C";"2018-04-02 17:04:00"
"253";"289";"400";"1";"DDACF5C";"2018-04-02 17:04:00"
"254";"289";"414";"1";"DDACF5C";"2018-04-02 17:04:00"
"255";"288";"405";"1";"2B2B26D";"2018-04-02 17:04:00"
"256";"288";"400";"1";"2B2B26D";"2018-04-02 17:04:00"
"257";"288";"397";"1";"2B2B26D";"2018-04-02 17:04:00"
"258";"288";"414";"1";"2B2B26D";"2018-04-02 17:04:00"
"259";"287";"397";"1";"BE2AEE5";"2018-04-02 17:04:00"
"260";"287";"401";"1";"BE2AEE5";"2018-04-02 17:04:00"
"261";"286";"401";"1";"08560F8";"2018-04-02 17:04:00"
"262";"286";"399";"1";"08560F8";"2018-04-02 17:04:00"
"263";"286";"410";"1";"08560F8";"2018-04-02 17:04:00"
"264";"321";"405";"2";"391DE92";"2018-04-02 18:04:00"
"265";"321";"401";"1";"391DE92";"2018-04-02 18:04:00"
"266";"321";"398";"1";"391DE92";"2018-04-02 18:04:00"
"267";"321";"412";"1";"391DE92";"2018-04-02 18:04:00"
"268";"320";"403";"1";"767E1CD";"2018-04-02 18:04:00"
"269";"320";"400";"1";"767E1CD";"2018-04-02 18:04:00"
"270";"320";"397";"1";"767E1CD";"2018-04-02 18:04:00"
"271";"320";"398";"1";"767E1CD";"2018-04-02 18:04:00"
"272";"320";"410";"1";"767E1CD";"2018-04-02 18:04:00"
"273";"319";"405";"2";"CBA23DE";"2018-04-02 18:04:00"
"274";"319";"399";"2";"CBA23DE";"2018-04-02 18:04:00"
"275";"319";"409";"1";"CBA23DE";"2018-04-02 18:04:00"
"276";"315";"399";"2";"2804847";"2018-04-02 18:04:00"
"277";"315";"410";"1";"2804847";"2018-04-02 18:04:00"
"278";"314";"401";"1";"E2B6F2A";"2018-04-02 18:04:00"
"279";"314";"398";"1";"E2B6F2A";"2018-04-02 18:04:00"
"280";"314";"406";"1";"E2B6F2A";"2018-04-02 18:04:00"
"281";"313";"405";"1";"5A1A094";"2018-04-02 18:04:00"
"282";"313";"401";"1";"5A1A094";"2018-04-02 18:04:00"
"283";"313";"399";"1";"5A1A094";"2018-04-02 18:04:00"
"284";"313";"412";"1";"5A1A094";"2018-04-02 18:04:00"
"285";"312";"405";"2";"FF31A9F";"2018-04-02 18:04:00"
"286";"312";"403";"1";"FF31A9F";"2018-04-02 18:04:00"
"287";"312";"399";"1";"FF31A9F";"2018-04-02 18:04:00"
"288";"312";"398";"1";"FF31A9F";"2018-04-02 18:04:00"
"289";"312";"414";"1";"FF31A9F";"2018-04-02 18:04:00"
"290";"311";"403";"1";"1AF3AE9";"2018-04-02 18:04:00"
"291";"311";"400";"1";"1AF3AE9";"2018-04-02 18:04:00"
"292";"311";"398";"1";"1AF3AE9";"2018-04-02 18:04:00"
"293";"311";"413";"1";"1AF3AE9";"2018-04-02 18:04:00"
"294";"310";"403";"1";"468C597";"2018-04-02 18:04:00"
"295";"310";"399";"1";"468C597";"2018-04-02 18:04:00"
"296";"310";"406";"1";"468C597";"2018-04-02 18:04:00"
"297";"323";"403";"1";"A6AE235";"2018-04-02 18:04:00"
"298";"378";"403";"1";"D0B7686";"2018-04-02 18:04:00"
"299";"378";"414";"1";"D0B7686";"2018-04-02 18:04:00"
"300";"366";"404";"1";"39026AA";"2018-04-02 18:04:00"
"301";"366";"400";"1";"39026AA";"2018-04-02 18:04:00"
"302";"366";"397";"1";"39026AA";"2018-04-02 18:04:00"
"303";"366";"413";"1";"39026AA";"2018-04-02 18:04:00"
"304";"337";"405";"1";"356ADF8";"2018-04-02 18:04:00"
"305";"337";"398";"1";"356ADF8";"2018-04-02 18:04:00"
"306";"337";"414";"1";"356ADF8";"2018-04-02 18:04:00"
"307";"340";"404";"1";"0BB3E47";"2018-04-02 18:04:00"
"308";"340";"400";"1";"0BB3E47";"2018-04-02 18:04:00"
"309";"340";"397";"1";"0BB3E47";"2018-04-02 18:04:00"
"310";"340";"413";"1";"0BB3E47";"2018-04-02 18:04:00"
"311";"341";"403";"1";"A1A7349";"2018-04-02 18:04:00"
"312";"341";"399";"1";"A1A7349";"2018-04-02 18:04:00"
"313";"341";"412";"1";"A1A7349";"2018-04-02 18:04:00"
"314";"342";"405";"1";"F10EDCB";"2018-04-02 18:04:00"
"315";"342";"397";"1";"F10EDCB";"2018-04-02 18:04:00"
"316";"342";"406";"1";"F10EDCB";"2018-04-02 18:04:00"
"317";"343";"401";"1";"F4AF4D9";"2018-04-02 18:04:00"
"318";"344";"401";"1";"40FCB74";"2018-04-02 18:04:00"
"319";"345";"398";"1";"3A52A91";"2018-04-02 18:04:00"
"320";"345";"397";"1";"3A52A91";"2018-04-02 18:04:00"
"321";"351";"403";"1";"3A5D5B9";"2018-04-02 18:04:00"
"322";"351";"397";"1";"3A5D5B9";"2018-04-02 18:04:00"
"323";"351";"413";"1";"3A5D5B9";"2018-04-02 18:04:00"
"324";"352";"397";"1";"633F64E";"2018-04-02 18:04:00"
"325";"352";"403";"1";"633F64E";"2018-04-02 18:04:00"
"326";"281";"399";"1";"92D560E";"2018-04-02 18:04:00"
"327";"281";"413";"1";"92D560E";"2018-04-02 18:04:00"
"328";"368";"404";"1";"C82FD51";"2018-04-02 18:04:00"
"329";"368";"400";"1";"C82FD51";"2018-04-02 18:04:00"
"330";"368";"399";"1";"C82FD51";"2018-04-02 18:04:00"
"331";"368";"409";"1";"C82FD51";"2018-04-02 18:04:00"
"332";"370";"403";"1";"4839A11";"2018-04-02 18:04:00"
"333";"370";"400";"1";"4839A11";"2018-04-02 18:04:00"
"334";"370";"397";"1";"4839A11";"2018-04-02 18:04:00"
"335";"371";"405";"1";"20A44D4";"2018-04-02 18:04:00"
"336";"371";"404";"1";"20A44D4";"2018-04-02 18:04:00"
"337";"371";"400";"1";"20A44D4";"2018-04-02 18:04:00"
"338";"371";"413";"1";"20A44D4";"2018-04-02 18:04:00"
"339";"374";"400";"1";"1169F23";"2018-04-02 18:04:00"
"340";"374";"410";"1";"1169F23";"2018-04-02 18:04:00"
"341";"205";"405";"1";"FCCF7FF";"2018-04-02 18:04:00"
"342";"205";"401";"1";"FCCF7FF";"2018-04-02 18:04:00"
"343";"205";"400";"1";"FCCF7FF";"2018-04-02 18:04:00"
"344";"205";"397";"2";"FCCF7FF";"2018-04-02 18:04:00"
"345";"205";"407";"1";"FCCF7FF";"2018-04-02 18:04:00"
"346";"206";"400";"1";"3FB39B8";"2018-04-02 18:04:00"
"347";"206";"397";"2";"3FB39B8";"2018-04-02 18:04:00"
"348";"206";"413";"1";"3FB39B8";"2018-04-02 18:04:00"
"349";"207";"404";"1";"9D99084";"2018-04-02 18:04:00"
"350";"207";"403";"1";"9D99084";"2018-04-02 18:04:00"
"351";"207";"399";"1";"9D99084";"2018-04-02 18:04:00"
"352";"207";"412";"1";"9D99084";"2018-04-02 18:04:00"
"353";"208";"399";"2";"CA3070C";"2018-04-02 18:04:00"
"354";"210";"401";"1";"6A2750B";"2018-04-02 18:04:00"
"355";"210";"413";"1";"6A2750B";"2018-04-02 18:04:00"
"356";"210";"397";"3";"6A2750B";"2018-04-02 18:04:00"
"357";"299";"400";"1";"6F9F39F";"2018-04-02 18:04:00"
"358";"299";"399";"1";"6F9F39F";"2018-04-02 18:04:00"
"359";"299";"414";"1";"6F9F39F";"2018-04-02 18:04:00"
"360";"301";"404";"2";"7839939";"2018-04-02 18:04:00"
"361";"301";"400";"1";"7839939";"2018-04-02 18:04:00"
"362";"301";"397";"1";"7839939";"2018-04-02 18:04:00"
"363";"301";"413";"1";"7839939";"2018-04-02 18:04:00"
"364";"304";"401";"1";"9963915";"2018-04-02 18:04:00"
"365";"304";"400";"1";"9963915";"2018-04-02 18:04:00"
"366";"304";"399";"1";"9963915";"2018-04-02 18:04:00"
"367";"304";"407";"1";"9963915";"2018-04-02 18:04:00"
"368";"305";"401";"1";"3BEE132";"2018-04-02 18:04:00"
"369";"305";"399";"2";"3BEE132";"2018-04-02 18:04:00"
"370";"305";"414";"1";"3BEE132";"2018-04-02 18:04:00"
"371";"225";"403";"1";"5C35C07";"2018-04-03 15:04:00"
"372";"226";"403";"1";"7B0A067";"2018-04-03 15:04:00"
"373";"226";"400";"1";"7B0A067";"2018-04-03 15:04:00"
"374";"226";"397";"2";"7B0A067";"2018-04-03 15:04:00"
"375";"226";"407";"1";"7B0A067";"2018-04-03 15:04:00"
"376";"227";"403";"1";"C5B5143";"2018-04-03 15:04:00"
"377";"227";"400";"1";"C5B5143";"2018-04-03 15:04:00"
"378";"227";"399";"1";"C5B5143";"2018-04-03 15:04:00"
"379";"227";"412";"1";"C5B5143";"2018-04-03 15:04:00"
"380";"233";"400";"1";"34D42DC";"2018-04-03 15:04:00"
"381";"233";"399";"1";"34D42DC";"2018-04-03 15:04:00"
"382";"234";"402";"1";"89464CD";"2018-04-03 15:04:00"
"383";"234";"397";"2";"89464CD";"2018-04-03 15:04:00"
"384";"234";"414";"1";"89464CD";"2018-04-03 15:04:00"
"385";"23";"327";"1";"E1F92F9";"2018-04-04 09:04:00"
"386";"23";"326";"1";"E1F92F9";"2018-04-04 09:04:00"
"389";"348";"167";"1";"796A729";"2018-04-04 14:04:00"
"390";"348";"321";"1";"796A729";"2018-04-04 14:04:00"
"391";"348";"323";"1";"796A729";"2018-04-04 14:04:00"
"392";"348";"216";"1";"796A729";"2018-04-04 14:04:00"
"393";"348";"359";"1";"796A729";"2018-04-04 14:04:00"
"394";"348";"318";"1";"796A729";"2018-04-04 14:04:00"
"395";"348";"358";"1";"796A729";"2018-04-04 14:04:00"
"396";"348";"211";"1";"796A729";"2018-04-04 14:04:00"
"397";"348";"386";"1";"796A729";"2018-04-04 14:04:00"
"398";"187";"378";"1";"E45293C";"2018-04-04 14:04:00"
"399";"187";"327";"1";"E45293C";"2018-04-04 14:04:00"
"400";"187";"331";"1";"E45293C";"2018-04-04 14:04:00"
"401";"187";"350";"1";"E45293C";"2018-04-04 14:04:00"
"402";"274";"211";"1";"1F45B74";"2018-04-04 15:04:00"
"403";"274";"347";"1";"1F45B74";"2018-04-04 15:04:00"
"404";"349";"331";"2";"F6012A3";"2018-04-04 16:04:00"
"405";"349";"212";"1";"F6012A3";"2018-04-04 16:04:00"
"406";"187";"195";"1";"B5DD557";"2018-04-04 16:04:00"
"407";"124";"196";"2";"72BA144";"2018-04-05 09:04:00"
"408";"124";"96";"1";"72BA144";"2018-04-05 09:04:00"
"409";"394";"318";"1";"97A0CB4";"2018-04-05 09:04:00"
"410";"394";"316";"1";"97A0CB4";"2018-04-05 09:04:00"
"411";"394";"382";"1";"5418DCF";"2018-04-05 15:04:00"
"412";"394";"372";"1";"5418DCF";"2018-04-05 15:04:00"
"413";"394";"302";"1";"5418DCF";"2018-04-05 15:04:00"
"414";"394";"197";"1";"5418DCF";"2018-04-05 15:04:00"
"415";"394";"329";"1";"5418DCF";"2018-04-05 15:04:00"
"416";"347";"389";"1";"6BD03D1";"2018-04-05 15:04:00"
"417";"347";"9";"2";"6BD03D1";"2018-04-05 15:04:00"
"418";"354";"197";"2";"E5893FA";"2018-04-05 16:04:00"
"419";"354";"248";"1";"E5893FA";"2018-04-05 16:04:00"
"420";"354";"249";"1";"E5893FA";"2018-04-05 16:04:00"
"421";"393";"251";"1";"114E488";"2018-04-05 16:04:00"
"422";"393";"321";"1";"114E488";"2018-04-05 16:04:00"
"423";"393";"315";"1";"114E488";"2018-04-05 16:04:00"
"424";"393";"382";"1";"114E488";"2018-04-05 16:04:00"
"425";"163";"357";"1";"A5A5DE9";"2018-04-05 16:04:00"
"426";"51";"317";"1";"AE3D841";"2018-04-05 16:04:00"
"430";"382";"7";"2";"7E943B3";"2018-04-05 16:04:00"
"431";"382";"215";"2";"7E943B3";"2018-04-05 16:04:00"
"432";"380";"404";"1";"0868BE6";"2018-04-05 17:04:00"
"433";"380";"403";"1";"0868BE6";"2018-04-05 17:04:00"
"434";"380";"397";"1";"0868BE6";"2018-04-05 17:04:00"
"435";"380";"411";"1";"0868BE6";"2018-04-05 17:04:00"
"436";"160";"404";"1";"D6D4F60";"2018-04-05 17:04:00"
"437";"160";"409";"1";"D6D4F60";"2018-04-05 17:04:00"
"445";"395";"138";"1";"DE3D58C";"2018-04-06 17:04:00"
"446";"395";"145";"2";"DE3D58C";"2018-04-06 17:04:00"
"447";"395";"195";"1";"DE3D58C";"2018-04-06 17:04:00"
"448";"82";"371";"1";"48BECD9";"2018-04-06 17:04:00"
"449";"82";"338";"1";"48BECD9";"2018-04-06 17:04:00"
"450";"82";"381";"1";"48BECD9";"2018-04-06 17:04:00"
"451";"82";"348";"1";"48BECD9";"2018-04-06 17:04:00"
"452";"274";"349";"1";"FC6C720";"2018-04-06 17:04:00"
"453";"396";"8";"2";"B2E36BF";"2018-04-06 18:04:00"
"454";"113";"313";"1";"965CB1A";"2018-04-07 10:04:00"
"455";"113";"327";"1";"965CB1A";"2018-04-07 10:04:00"
"456";"113";"326";"1";"965CB1A";"2018-04-07 10:04:00"
"457";"113";"196";"1";"965CB1A";"2018-04-07 10:04:00"
"458";"113";"197";"1";"965CB1A";"2018-04-07 10:04:00"
"459";"298";"216";"1";"3D2689A";"2018-04-07 10:04:00"
"460";"298";"318";"1";"3D2689A";"2018-04-07 10:04:00"
"463";"293";"361";"1";"69E31AF";"2018-04-07 14:04:00"
"464";"293";"212";"1";"69E31AF";"2018-04-07 14:04:00"
"465";"85";"212";"1";"12B6B6E";"2018-04-07 14:04:00"
"466";"85";"114";"1";"12B6B6E";"2018-04-07 14:04:00"
"467";"85";"350";"1";"12B6B6E";"2018-04-07 14:04:00"
"468";"85";"368";"1";"12B6B6E";"2018-04-07 14:04:00"
"469";"85";"355";"1";"12B6B6E";"2018-04-07 14:04:00"
"470";"85";"376";"1";"12B6B6E";"2018-04-07 14:04:00"
"471";"397";"369";"1";"C07FE03";"2018-04-07 14:04:00"
"472";"394";"312";"2";"2610114";"2018-04-07 15:04:00"
"473";"394";"207";"2";"D862A5C";"2018-04-07 17:04:00"
"474";"331";"354";"1";"E5FD06F";"2018-04-07 17:04:00"
"475";"197";"319";"1";"C7BB4C7";"2018-04-10 13:04:00"
"476";"394";"364";"1";"DBEB2EC";"2018-04-10 15:04:00"
"485";"75";"320";"1";"C1158E6";"2018-04-11 17:04:00"
"486";"75";"257";"1";"C1158E6";"2018-04-11 17:04:00"
"487";"75";"260";"1";"C1158E6";"2018-04-11 17:04:00"
"488";"394";"415";"1";"874A289";"2018-04-12 10:04:00"
"489";"5";"368";"1";"1210EC5";"2018-04-12 11:04:00"
"490";"283";"151";"1";"0E10018";"2018-04-12 17:04:00"
"491";"283";"417";"1";"0E10018";"2018-04-12 17:04:00"
"492";"283";"449";"1";"0E10018";"2018-04-12 17:04:00"
"496";"368";"415";"1";"B1513A2";"2018-04-13 14:04:00"
"497";"368";"416";"1";"B1513A2";"2018-04-13 14:04:00"
"498";"368";"425";"2";"B1513A2";"2018-04-13 14:04:00"
"499";"393";"189";"2";"C040568";"2018-04-13 17:04:00"
"500";"393";"231";"1";"C040568";"2018-04-13 17:04:00"
"501";"393";"440";"1";"C040568";"2018-04-13 17:04:00"
"502";"393";"305";"1";"C040568";"2018-04-13 17:04:00"
"503";"393";"249";"1";"C040568";"2018-04-13 17:04:00"
"504";"393";"263";"1";"C040568";"2018-04-13 17:04:00"
"505";"393";"325";"1";"C040568";"2018-04-13 17:04:00"
"506";"393";"129";"1";"C040568";"2018-04-13 17:04:00"
"507";"392";"438";"1";"0DACCEC";"2018-04-13 17:04:00"
"508";"392";"348";"1";"0DACCEC";"2018-04-13 17:04:00"
"509";"392";"116";"1";"0DACCEC";"2018-04-13 17:04:00"
"510";"392";"222";"1";"0DACCEC";"2018-04-13 17:04:00"
"511";"392";"381";"1";"F44B677";"2018-04-13 17:04:00"
"512";"398";"115";"1";"F8B0453";"2018-04-13 18:04:00"
"513";"398";"128";"1";"F8B0453";"2018-04-13 18:04:00"
"514";"261";"195";"1";"005C858";"2018-04-14 10:04:00"
"515";"105";"118";"1";"A8D5330";"2018-04-14 13:04:00"
"516";"105";"330";"1";"A8D5330";"2018-04-14 13:04:00"
"521";"399";"196";"1";"504B2AB";"2018-04-14 15:04:00"
"522";"198";"365";"1";"692409B";"2018-04-17 17:04:00"
"523";"86";"333";"1";"3C3FF82";"2018-04-18 13:04:00"
"524";"86";"152";"1";"3C3FF82";"2018-04-18 13:04:00"
"526";"31";"196";"1";"3B499A1";"2018-04-18 14:04:00"
"527";"31";"444";"1";"3B499A1";"2018-04-18 14:04:00"
"528";"31";"197";"1";"3B499A1";"2018-04-18 14:04:00"
"529";"49";"375";"1";"A738E3B";"2018-04-19 13:04:00"
"530";"394";"192";"1";"CCFB22C";"2018-04-19 15:04:00"
"531";"281";"284";"1";"A436F06";"2018-04-19 15:04:00"
"532";"400";"366";"1";"F3E3B58";"2018-04-20 14:04:00"
"533";"400";"377";"1";"F3E3B58";"2018-04-20 14:04:00"
"534";"401";"425";"1";"EEC9038";"2018-04-20 15:04:00"
"535";"401";"433";"1";"EEC9038";"2018-04-20 15:04:00"
"536";"402";"453";"1";"11D2B8C";"2018-04-20 17:04:00"
"537";"402";"458";"1";"11D2B8C";"2018-04-20 17:04:00"
"538";"402";"426";"1";"11D2B8C";"2018-04-20 17:04:00"
"539";"402";"434";"1";"11D2B8C";"2018-04-20 17:04:00"
"540";"394";"216";"1";"6AC1754";"2018-04-20 17:04:00"
"547";"274";"114";"1";"389F4AB";"2018-04-20 18:04:00"
"548";"274";"113";"2";"389F4AB";"2018-04-20 18:04:00"
"549";"234";"454";"1";"32AAF59";"2018-04-21 10:04:00"
"550";"234";"335";"1";"32AAF59";"2018-04-21 10:04:00"
"551";"234";"465";"2";"32AAF59";"2018-04-21 10:04:00"
"552";"234";"460";"2";"32AAF59";"2018-04-21 10:04:00"
"553";"234";"292";"1";"32AAF59";"2018-04-21 10:04:00"
"554";"394";"52";"1";"8A83C53";"2018-04-21 11:04:00"
"555";"394";"23";"1";"8A83C53";"2018-04-21 11:04:00"
"556";"102";"162";"1";"1E52297";"2018-04-21 11:04:00"
"558";"403";"376";"1";"9AA7081";"2018-04-21 12:04:00"
"567";"291";"228";"1";"684974F";"2018-04-21 15:04:00"
"568";"397";"461";"1";"1474935";"2018-04-21 15:04:00"
"569";"404";"283";"1";"B2A2829";"2018-04-21 15:04:00"
"570";"404";"437";"1";"B2A2829";"2018-04-21 15:04:00"
"582";"405";"347";"1";"8669AEE";"2018-04-21 17:04:00"
"586";"127";"427";"1";"7484011";"2018-04-21 17:04:00"
"587";"127";"355";"1";"7484011";"2018-04-21 17:04:00"
"588";"127";"216";"1";"7484011";"2018-04-21 17:04:00"
"589";"127";"188";"1";"7484011";"2018-04-21 17:04:00"
"599";"394";"208";"1";"004056F";"2018-04-21 17:04:00"
"603";"113";"439";"1";"C0B302F";"2018-04-21 17:04:00"
"604";"113";"434";"1";"C0B302F";"2018-04-21 17:04:00"
"613";"320";"112";"1";"948DDDA";"2018-04-24 13:04:00"
"614";"320";"454";"1";"948DDDA";"2018-04-24 13:04:00"
"615";"320";"118";"1";"948DDDA";"2018-04-24 13:04:00"
"616";"320";"427";"1";"948DDDA";"2018-04-24 13:04:00"
"617";"320";"419";"1";"948DDDA";"2018-04-24 13:04:00"
"618";"320";"197";"2";"948DDDA";"2018-04-24 13:04:00"
"619";"320";"387";"1";"948DDDA";"2018-04-24 13:04:00"
"620";"49";"461";"1";"4C84F92";"2018-04-24 13:04:00"
"621";"49";"467";"1";"4C84F92";"2018-04-24 13:04:00"
"622";"124";"461";"1";"A135AEB";"2018-04-24 16:04:00"
"623";"124";"427";"1";"A135AEB";"2018-04-24 16:04:00"
"624";"125";"329";"1";"0C9D058";"2018-04-24 16:04:00"
"625";"125";"447";"2";"0C9D058";"2018-04-24 16:04:00"
"626";"125";"216";"1";"0C9D058";"2018-04-24 16:04:00"
"627";"125";"416";"3";"0C9D058";"2018-04-24 16:04:00"
"628";"125";"424";"1";"0C9D058";"2018-04-24 16:04:00"
"629";"125";"425";"1";"0C9D058";"2018-04-24 16:04:00"
"630";"125";"196";"1";"0C9D058";"2018-04-24 16:04:00"
"631";"5";"448";"1";"78BE7C9";"2018-04-24 16:04:00"
"637";"8";"347";"1";"0C45F13";"2018-04-27 14:04:00"
"638";"8";"356";"1";"0C45F13";"2018-04-27 14:04:00"
"639";"245";"362";"1";"4300064";"2018-04-28 11:04:00"
"640";"245";"346";"1";"4300064";"2018-04-28 11:04:00"
"641";"394";"452";"1";"552A7F8";"2018-04-28 14:04:00"
"642";"394";"415";"1";"552A7F8";"2018-04-28 14:04:00"
"643";"394";"450";"1";"552A7F8";"2018-04-28 14:04:00"
"644";"316";"215";"1";"06D6144";"2018-04-28 15:04:00"
"645";"316";"379";"1";"06D6144";"2018-04-28 15:04:00"
"646";"192";"8";"1";"0A48B5B";"2018-04-28 15:04:00"
"647";"394";"427";"1";"F389935";"2018-04-28 17:04:00"
"648";"394";"423";"1";"F389935";"2018-04-28 17:04:00"
"649";"407";"179";"1";"52886DB";"2018-04-28 18:04:00"
"650";"407";"186";"1";"52886DB";"2018-04-28 18:04:00"
"651";"407";"449";"1";"52886DB";"2018-04-28 18:04:00"
"652";"407";"346";"1";"52886DB";"2018-04-28 18:04:00"
"653";"407";"183";"1";"52886DB";"2018-04-28 18:04:00"
"654";"407";"112";"1";"52886DB";"2018-04-28 18:04:00"
"655";"407";"191";"1";"52886DB";"2018-04-28 18:04:00"
"656";"407";"249";"1";"52886DB";"2018-04-28 18:04:00"
"657";"320";"23";"1";"3D05DB2";"2018-04-28 18:04:00"
"658";"320";"44";"1";"3D05DB2";"2018-04-28 18:04:00"
"659";"320";"147";"2";"3D05DB2";"2018-04-28 18:04:00"
"660";"86";"326";"1";"E7171E0";"2018-04-28 18:04:00"
"661";"394";"53";"1";"F36AA25";"2018-05-02 15:05:00"
"662";"394";"290";"1";"F36AA25";"2018-05-02 15:05:00"
"663";"394";"291";"1";"F36AA25";"2018-05-02 15:05:00"
"664";"394";"382";"1";"F36AA25";"2018-05-02 15:05:00"
"665";"394";"347";"1";"F36AA25";"2018-05-02 15:05:00"
"666";"23";"381";"1";"697E9D1";"2018-05-02 15:05:00"
"667";"394";"438";"1";"CE61E72";"2018-05-02 15:05:00"
"670";"84";"152";"1";"4C7E55C";"2018-05-02 18:05:00"
"671";"165";"67";"1";"4C8D8CA";"2018-05-02 18:05:00"
"672";"165";"73";"3";"4C8D8CA";"2018-05-02 18:05:00"
"673";"162";"391";"1";"E93BEB6";"2018-05-03 11:05:00"
"674";"162";"23";"2";"E93BEB6";"2018-05-03 11:05:00"
"675";"162";"197";"2";"E93BEB6";"2018-05-03 11:05:00"
"676";"162";"148";"1";"E93BEB6";"2018-05-03 11:05:00"
"677";"162";"57";"1";"E93BEB6";"2018-05-03 11:05:00"
"678";"162";"199";"1";"E93BEB6";"2018-05-03 11:05:00"
"679";"162";"104";"2";"E93BEB6";"2018-05-03 11:05:00"
"680";"394";"313";"1";"E463DD8";"2018-05-03 11:05:00"
"681";"165";"7";"15";"CF9936E";"2018-05-04 11:05:00"
"682";"394";"7";"2";"1643B0C";"2018-05-04 11:05:00"
"683";"130";"418";"2";"89E5318";"2018-05-04 17:05:00"
"684";"205";"2";"1";"FBBA4E9";"2018-05-05 13:05:00"
"685";"409";"188";"1";"A7DE236";"2018-05-05 16:05:00"
"686";"409";"195";"1";"A7DE236";"2018-05-05 16:05:00"
"687";"410";"313";"1";"52FCAE4";"2018-05-08 16:05:00"
"688";"411";"249";"1";"B926408";"2018-05-08 16:05:00"
"689";"411";"439";"1";"B926408";"2018-05-08 16:05:00"
"690";"341";"112";"1";"0CE67AA";"2018-05-10 13:05:00"
"691";"341";"357";"1";"0CE67AA";"2018-05-10 13:05:00"
"692";"341";"437";"1";"0CE67AA";"2018-05-10 13:05:00"
"693";"341";"370";"1";"0CE67AA";"2018-05-10 13:05:00"
"694";"412";"2";"1";"1732024";"2018-05-10 13:05:00"
"695";"412";"299";"1";"1732024";"2018-05-10 13:05:00"
"696";"412";"3";"1";"1732024";"2018-05-10 13:05:00"
"697";"346";"453";"1";"2BDC221";"2018-05-10 17:05:00"
"698";"346";"324";"1";"2BDC221";"2018-05-10 17:05:00"
"699";"346";"351";"1";"2BDC221";"2018-05-10 17:05:00"
"700";"111";"21";"5";"7EE321E";"2018-05-15 15:05:00"
"701";"111";"53";"1";"7EE321E";"2018-05-15 15:05:00"
"702";"111";"179";"1";"7EE321E";"2018-05-15 15:05:00"
"703";"111";"309";"1";"7EE321E";"2018-05-15 15:05:00"
"704";"111";"92";"1";"7EE321E";"2018-05-15 15:05:00"
"705";"111";"107";"1";"7EE321E";"2018-05-15 15:05:00"
"706";"225";"462";"2";"49B1CB7";"2018-05-15 15:05:00"
"707";"413";"381";"1";"C8D37AC";"2018-05-15 16:05:00"
"708";"345";"102";"1";"E5B22B0";"2018-05-16 18:05:00"
"709";"345";"32";"1";"E5B22B0";"2018-05-16 18:05:00"
"710";"345";"22";"1";"E5B22B0";"2018-05-16 18:05:00"
"711";"345";"313";"1";"A73F528";"2018-05-16 18:05:00"
"712";"345";"151";"1";"CEEC5BF";"2018-05-16 18:05:00"
"713";"345";"103";"1";"06A08B6";"2018-05-17 13:05:00"
"714";"345";"23";"2";"06A08B6";"2018-05-17 13:05:00"
"715";"345";"333";"1";"06A08B6";"2018-05-17 13:05:00"
"716";"414";"438";"1";"26B2D10";"2018-05-17 15:05:00"
"720";"349";"453";"1";"883B824";"2018-05-18 18:05:00"
"721";"349";"438";"1";"883B824";"2018-05-18 18:05:00"
"722";"274";"474";"2";"6B56330";"2018-05-18 18:05:00"
"723";"274";"470";"1";"6B56330";"2018-05-18 18:05:00"
"724";"274";"210";"1";"6B56330";"2018-05-18 18:05:00"
"725";"274";"213";"1";"6B56330";"2018-05-18 18:05:00"
"726";"242";"291";"1";"28EAAFF";"2018-05-19 10:05:00"
"727";"415";"473";"1";"E0DEEE5";"2018-05-19 12:05:00"
"728";"415";"415";"2";"E0DEEE5";"2018-05-19 12:05:00"
"729";"415";"477";"1";"E0DEEE5";"2018-05-19 12:05:00"
"730";"415";"472";"1";"E0DEEE5";"2018-05-19 12:05:00"
"731";"415";"381";"1";"E0DEEE5";"2018-05-19 12:05:00"
"736";"416";"1";"1";"D4ED638";"2018-05-19 15:05:00"
"737";"416";"18";"1";"D4ED638";"2018-05-19 15:05:00"
"738";"416";"5";"2";"D4ED638";"2018-05-19 15:05:00"
"739";"416";"44";"1";"D4ED638";"2018-05-19 15:05:00"
"740";"416";"91";"1";"D4ED638";"2018-05-19 15:05:00"
"741";"416";"293";"1";"D4ED638";"2018-05-19 15:05:00"
"742";"113";"178";"1";"ADED3BE";"2018-05-19 16:05:00"
"743";"87";"333";"1";"509153D";"2018-05-19 16:05:00"
"744";"378";"472";"1";"571835C";"2018-05-19 18:05:00"
"745";"378";"333";"1";"571835C";"2018-05-19 18:05:00"
"746";"378";"23";"1";"571835C";"2018-05-19 18:05:00"
"747";"378";"52";"1";"571835C";"2018-05-19 18:05:00"
"748";"417";"302";"1";"3E05266";"2018-05-19 18:05:00"
"749";"417";"51";"1";"3E05266";"2018-05-19 18:05:00"
"750";"417";"33";"1";"3E05266";"2018-05-19 18:05:00"
"751";"417";"34";"1";"3E05266";"2018-05-19 18:05:00"
"752";"417";"295";"1";"3E05266";"2018-05-19 18:05:00"
"753";"394";"475";"1";"43E484D";"2018-05-19 18:05:00"
"754";"234";"423";"1";"DFFA97E";"2018-05-19 18:05:00"
"755";"234";"419";"1";"DFFA97E";"2018-05-19 18:05:00"
"756";"234";"478";"1";"DFFA97E";"2018-05-19 18:05:00"
"757";"234";"448";"1";"DFFA97E";"2018-05-19 18:05:00"
"758";"234";"225";"1";"DFFA97E";"2018-05-19 18:05:00"
"759";"23";"417";"1";"C2DC44B";"2018-05-21 16:05:00"
"760";"274";"404";"2";"BBCA74A";"2018-05-21 16:05:00"
"761";"274";"401";"1";"BBCA74A";"2018-05-21 16:05:00"
"762";"274";"397";"1";"BBCA74A";"2018-05-21 16:05:00"
"763";"274";"413";"1";"BBCA74A";"2018-05-21 16:05:00"
"764";"394";"470";"1";"70F5E4D";"2018-05-22 09:05:00"
"765";"37";"452";"1";"9AF78B1";"2018-05-22 10:05:00"
"766";"37";"462";"1";"9AF78B1";"2018-05-22 10:05:00"
"767";"37";"461";"1";"9AF78B1";"2018-05-22 10:05:00"
"768";"37";"475";"2";"9AF78B1";"2018-05-22 10:05:00"
"769";"37";"422";"1";"9AF78B1";"2018-05-22 10:05:00"
"770";"37";"427";"1";"9AF78B1";"2018-05-22 10:05:00"
"771";"37";"477";"1";"9AF78B1";"2018-05-22 10:05:00"
"772";"37";"476";"1";"9AF78B1";"2018-05-22 10:05:00"
"773";"37";"20";"2";"9AF78B1";"2018-05-22 10:05:00"
"774";"394";"23";"3";"AA19790";"2018-05-22 10:05:00"
"775";"394";"392";"1";"AA19790";"2018-05-22 10:05:00"
"777";"111";"186";"1";"BB09ECC";"2018-05-22 15:05:00"
"778";"111";"480";"1";"BB09ECC";"2018-05-22 15:05:00"
"779";"418";"470";"2";"3D40656";"2018-05-22 16:05:00"
"780";"281";"170";"1";"2C160D7";"2018-05-22 17:05:00"
"784";"62";"461";"1";"7F7F387";"2018-05-23 13:05:00"
"785";"62";"466";"1";"7F7F387";"2018-05-23 13:05:00"
"786";"396";"341";"1";"7B6C61E";"2018-05-23 14:05:00"
"787";"419";"420";"1";"B2B2A4C";"2018-05-23 14:05:00"
"788";"419";"211";"1";"B2B2A4C";"2018-05-23 14:05:00"
"789";"419";"472";"1";"B2B2A4C";"2018-05-23 14:05:00"
"790";"285";"465";"1";"646BCBC";"2018-05-23 14:05:00"
"791";"256";"351";"1";"DE61A56";"2018-05-23 16:05:00"
"792";"256";"470";"1";"DE61A56";"2018-05-23 16:05:00"
"793";"256";"318";"1";"DE61A56";"2018-05-23 16:05:00"
"794";"420";"471";"1";"6CF0E25";"2018-05-23 16:05:00"
"795";"394";"475";"1";"1D1EE14";"2018-05-23 17:05:00"
"796";"378";"112";"1";"9CD27CA";"2018-05-23 18:05:00"
"797";"394";"392";"1";"359A5CB";"2018-05-23 18:05:00"
"798";"316";"452";"1";"5C82454";"2018-05-23 18:05:00"
"799";"165";"21";"3";"24D31CC";"2018-05-24 13:05:00"
"800";"421";"379";"1";"0D381C5";"2018-05-24 14:05:00"
"801";"421";"280";"1";"0D381C5";"2018-05-24 14:05:00"
"802";"421";"285";"1";"0D381C5";"2018-05-24 14:05:00"
"803";"421";"179";"1";"0D381C5";"2018-05-24 14:05:00"
"804";"260";"431";"1";"7CD7023";"2018-05-24 14:05:00"
"805";"260";"212";"1";"7CD7023";"2018-05-24 14:05:00"
"806";"96";"382";"1";"5E349D5";"2018-05-24 14:05:00"
"807";"96";"380";"1";"5E349D5";"2018-05-24 14:05:00"
"808";"96";"472";"1";"5E349D5";"2018-05-24 14:05:00"
"809";"96";"193";"1";"5E349D5";"2018-05-24 14:05:00"
"810";"96";"441";"1";"5E349D5";"2018-05-24 14:05:00"
"811";"96";"191";"2";"5E349D5";"2018-05-24 14:05:00"
"812";"96";"195";"2";"5E349D5";"2018-05-24 14:05:00"
"813";"422";"68";"1";"0E639CA";"2018-05-24 18:05:00"
"814";"408";"25";"2";"93294FB";"2018-05-26 09:05:00"
"815";"102";"38";"1";"433F1AB";"2018-05-26 09:05:00"
"816";"102";"465";"1";"433F1AB";"2018-05-26 09:05:00"
"817";"102";"460";"1";"433F1AB";"2018-05-26 09:05:00"
"818";"102";"354";"1";"86B8F73";"2018-05-26 10:05:00"
"819";"423";"438";"1";"9F4614B";"2018-05-26 13:05:00"
"820";"366";"212";"1";"F8B7AB4";"2018-05-29 13:05:00"
"821";"366";"115";"1";"F8B7AB4";"2018-05-29 13:05:00"
"822";"131";"336";"1";"A786213";"2018-05-29 16:05:00"
"823";"131";"332";"1";"A786213";"2018-05-29 16:05:00"
"824";"131";"466";"1";"A786213";"2018-05-29 16:05:00"
"825";"131";"355";"1";"A786213";"2018-05-29 16:05:00"
"826";"394";"390";"1";"2402EA8";"2018-05-29 16:05:00"
"827";"159";"336";"1";"5C0E720";"2018-05-29 17:05:00"
"828";"159";"21";"2";"5C0E720";"2018-05-29 17:05:00"
"829";"159";"49";"1";"5C0E720";"2018-05-29 17:05:00"
"830";"146";"468";"2";"AA30F2C";"2018-05-30 10:05:00"
"831";"146";"463";"2";"AA30F2C";"2018-05-30 10:05:00"
"832";"146";"25";"1";"AA30F2C";"2018-05-30 10:05:00"
"833";"146";"24";"1";"AA30F2C";"2018-05-30 10:05:00"
"834";"146";"3";"1";"AA30F2C";"2018-05-30 10:05:00"
"835";"146";"467";"1";"AA30F2C";"2018-05-30 10:05:00"
"836";"146";"462";"1";"AA30F2C";"2018-05-30 10:05:00"
"837";"96";"388";"1";"D644F71";"2018-06-01 17:06:00"
"838";"314";"474";"1";"6C0B634";"2018-06-02 14:06:00"
"839";"314";"467";"1";"6C0B634";"2018-06-02 14:06:00"
"840";"314";"461";"1";"6C0B634";"2018-06-02 14:06:00"
"841";"106";"390";"1";"C5E682D";"2018-06-05 15:06:00"
"842";"106";"332";"1";"422F2B9";"2018-06-05 17:06:00"
"843";"106";"442";"1";"422F2B9";"2018-06-05 17:06:00"
"844";"106";"461";"1";"422F2B9";"2018-06-05 17:06:00"
"845";"106";"463";"1";"422F2B9";"2018-06-05 17:06:00"
"846";"106";"426";"1";"422F2B9";"2018-06-05 17:06:00"
"847";"394";"196";"1";"93D1181";"2018-06-07 16:06:00"
"848";"394";"418";"1";"93D1181";"2018-06-07 16:06:00"
"849";"124";"472";"1";"807A5A3";"2018-06-07 16:06:00"
"850";"124";"471";"1";"807A5A3";"2018-06-07 16:06:00"
"851";"187";"478";"1";"9B1D987";"2018-06-07 16:06:00"
"852";"408";"25";"1";"A0BB34A";"2018-06-07 18:06:00"
"853";"408";"395";"1";"A0BB34A";"2018-06-07 18:06:00"
"854";"272";"470";"1";"6FB92EF";"2018-06-08 14:06:00"
"855";"395";"470";"1";"35570C4";"2018-06-08 17:06:00"
"856";"395";"477";"1";"35570C4";"2018-06-08 17:06:00"
"857";"395";"474";"1";"35570C4";"2018-06-08 17:06:00"
"858";"395";"466";"1";"5633EBF";"2018-06-08 17:06:00"
"859";"114";"18";"2";"BD1D4D0";"2018-06-09 11:06:00"
"860";"114";"298";"1";"BD1D4D0";"2018-06-09 11:06:00"
"861";"114";"38";"1";"BD1D4D0";"2018-06-09 11:06:00"
"862";"298";"452";"1";"8463870";"2018-06-09 11:06:00"
"863";"298";"477";"1";"8463870";"2018-06-09 11:06:00"
"864";"133";"462";"2";"6013556";"2018-06-09 12:06:00"
"865";"133";"467";"2";"6013556";"2018-06-09 12:06:00"
"866";"133";"461";"1";"6013556";"2018-06-09 12:06:00"
"867";"133";"465";"1";"6013556";"2018-06-09 12:06:00"
"868";"133";"466";"1";"6013556";"2018-06-09 12:06:00"
"869";"8";"294";"1";"399F747";"2018-06-09 12:06:00"
"870";"102";"460";"1";"A7CFB73";"2018-06-09 13:06:00"
"871";"102";"466";"1";"A7CFB73";"2018-06-09 13:06:00"
"872";"113";"418";"2";"3DDC363";"2018-06-09 14:06:00"
"873";"106";"466";"1";"AD4C367";"2018-06-09 14:06:00"
"874";"106";"462";"1";"AD4C367";"2018-06-09 14:06:00"
"875";"106";"313";"1";"AD4C367";"2018-06-09 14:06:00"
"876";"106";"194";"1";"AD4C367";"2018-06-09 14:06:00"
"877";"106";"392";"1";"AD4C367";"2018-06-09 14:06:00"
"878";"205";"461";"1";"0DE8F6E";"2018-06-09 15:06:00"
"879";"166";"463";"1";"C0901F8";"2018-06-09 16:06:00"
"880";"166";"334";"1";"C0901F8";"2018-06-09 16:06:00"
"881";"147";"460";"1";"73B8A3A";"2018-06-09 16:06:00"
"882";"147";"465";"1";"73B8A3A";"2018-06-09 16:06:00"
"883";"147";"465";"1";"FD0E464";"2018-06-09 16:06:00"
"884";"147";"460";"1";"FD0E464";"2018-06-09 16:06:00"
"885";"181";"460";"1";"912279C";"2018-06-09 16:06:00"
"886";"181";"465";"1";"912279C";"2018-06-09 16:06:00"
"887";"305";"476";"1";"0546E73";"2018-06-09 16:06:00"
"888";"305";"457";"1";"0546E73";"2018-06-09 16:06:00"
"889";"305";"468";"1";"0546E73";"2018-06-09 16:06:00"
"890";"305";"334";"1";"0546E73";"2018-06-09 16:06:00"
"891";"305";"25";"5";"0546E73";"2018-06-09 16:06:00"
"892";"305";"391";"1";"0546E73";"2018-06-09 16:06:00"
"893";"305";"417";"2";"0546E73";"2018-06-09 16:06:00"
"894";"305";"395";"1";"0546E73";"2018-06-09 16:06:00"
"895";"291";"471";"1";"D0E542A";"2018-06-09 17:06:00"
"896";"291";"472";"1";"D0E542A";"2018-06-09 17:06:00"
"897";"291";"470";"1";"D0E542A";"2018-06-09 17:06:00"
"898";"424";"137";"1";"40884AF";"2018-06-09 17:06:00"
"899";"424";"149";"1";"40884AF";"2018-06-09 17:06:00"
"900";"424";"161";"1";"40884AF";"2018-06-09 17:06:00"
"901";"425";"151";"1";"CDD5199";"2018-06-09 17:06:00"
"902";"285";"297";"1";"FCE9B10";"2018-06-09 17:06:00"
"903";"285";"337";"1";"FCE9B10";"2018-06-09 17:06:00"
"907";"191";"451";"1";"5F5C2BB";"2018-06-09 17:06:00"
"908";"191";"455";"1";"5F5C2BB";"2018-06-09 17:06:00"
"909";"191";"465";"1";"5F5C2BB";"2018-06-09 17:06:00"
"910";"394";"306";"1";"EBC56FF";"2018-06-09 17:06:00"
"911";"394";"417";"1";"FBDD827";"2018-06-09 17:06:00"
"912";"133";"472";"1";"E9E4698";"2018-06-09 17:06:00"
"913";"133";"471";"1";"E9E4698";"2018-06-09 17:06:00"
"914";"165";"456";"1";"5019BD6";"2018-06-09 18:06:00"
"915";"165";"451";"1";"5019BD6";"2018-06-09 18:06:00"
"916";"201";"467";"1";"8C5FE14";"2018-06-09 18:06:00"
"917";"201";"334";"1";"8C5FE14";"2018-06-09 18:06:00"
"918";"427";"417";"1";"FF08D52";"2018-06-09 18:06:00"
"919";"427";"457";"2";"FF08D52";"2018-06-09 18:06:00"
"920";"427";"472";"1";"FF08D52";"2018-06-09 18:06:00"
"923";"165";"463";"1";"A32B01C";"2018-06-10 15:06:00"
"924";"165";"296";"1";"A32B01C";"2018-06-10 15:06:00"
"925";"165";"468";"1";"A32B01C";"2018-06-10 15:06:00"
"926";"165";"471";"1";"A32B01C";"2018-06-10 15:06:00"
"927";"386";"472";"1";"2266E20";"2018-06-10 15:06:00"
"928";"354";"472";"1";"306A8AD";"2018-06-10 15:06:00"
"929";"354";"471";"1";"306A8AD";"2018-06-10 15:06:00"
"930";"23";"471";"1";"F62B1E1";"2018-06-10 15:06:00"
"931";"23";"473";"1";"F62B1E1";"2018-06-10 15:06:00"
"932";"23";"459";"1";"F62B1E1";"2018-06-10 15:06:00"
"933";"6";"464";"3";"7739C78";"2018-06-10 15:06:00"
"934";"6";"463";"1";"7739C78";"2018-06-10 15:06:00"
"935";"6";"471";"2";"7739C78";"2018-06-10 15:06:00"
"936";"6";"459";"1";"7739C78";"2018-06-10 15:06:00"
"937";"6";"474";"1";"7739C78";"2018-06-10 15:06:00"
"938";"6";"455";"1";"7739C78";"2018-06-10 15:06:00"
"939";"394";"471";"1";"7B84AE4";"2018-06-10 15:06:00"
"940";"429";"463";"1";"69994E2";"2018-06-10 15:06:00"
"941";"429";"472";"1";"69994E2";"2018-06-10 15:06:00"
"942";"429";"468";"1";"69994E2";"2018-06-10 15:06:00"
"943";"429";"471";"1";"69994E2";"2018-06-10 15:06:00"
"944";"170";"463";"1";"0FF1251";"2018-06-10 16:06:00"
"945";"170";"464";"1";"0FF1251";"2018-06-10 16:06:00"
"946";"170";"454";"1";"0FF1251";"2018-06-10 16:06:00"
"947";"170";"459";"1";"0FF1251";"2018-06-10 16:06:00"
"948";"170";"460";"1";"0FF1251";"2018-06-10 16:06:00"
"949";"170";"299";"1";"0FF1251";"2018-06-10 16:06:00"
"950";"430";"471";"1";"E527C1C";"2018-06-10 16:06:00"
"951";"430";"468";"1";"E527C1C";"2018-06-10 16:06:00"
"952";"260";"460";"2";"F76E793";"2018-06-10 16:06:00"
"953";"296";"468";"2";"9EAA179";"2018-06-10 16:06:00"
"954";"296";"466";"1";"9EAA179";"2018-06-10 16:06:00"
"955";"296";"450";"1";"9EAA179";"2018-06-10 16:06:00"
"956";"187";"473";"1";"D6D0E90";"2018-06-10 16:06:00"
"957";"337";"464";"2";"130B379";"2018-06-10 16:06:00"
"958";"337";"469";"3";"130B379";"2018-06-10 16:06:00"
"959";"49";"471";"2";"43EB47F";"2018-06-10 16:06:00"
"960";"49";"473";"1";"43EB47F";"2018-06-10 16:06:00"
"961";"431";"448";"1";"6AD9337";"2018-06-11 13:06:00"
"962";"431";"351";"1";"6AD9337";"2018-06-11 13:06:00"
"963";"431";"418";"1";"6AD9337";"2018-06-11 13:06:00"
"964";"431";"363";"1";"6AD9337";"2018-06-11 13:06:00"
"965";"92";"71";"1";"5BAF963";"2018-06-11 16:06:00"
"966";"92";"105";"2";"5BAF963";"2018-06-11 16:06:00"
"967";"92";"388";"1";"5BAF963";"2018-06-11 16:06:00"
"968";"432";"464";"1";"30935C9";"2018-06-12 14:06:00"
"969";"432";"344";"1";"30935C9";"2018-06-12 14:06:00"
"970";"433";"464";"2";"8B831EC";"2018-06-12 14:06:00"
"971";"434";"469";"3";"368B23B";"2018-06-12 14:06:00"
"972";"177";"72";"1";"9110A77";"2018-06-12 18:06:00"
"973";"49";"481";"1";"E44C42B";"2018-06-12 18:06:00"
"974";"124";"481";"1";"C8D5592";"2018-06-12 18:06:00"
"975";"99";"483";"1";"34F3EE2";"2018-06-13 12:06:00"
"976";"393";"476";"2";"A9F24E1";"2018-06-13 13:06:00"
"977";"393";"340";"2";"A9F24E1";"2018-06-13 13:06:00"
"978";"393";"483";"1";"A9F24E1";"2018-06-13 13:06:00"
"979";"435";"381";"1";"8784850";"2018-06-13 15:06:00"
"980";"178";"486";"1";"A576940";"2018-06-13 18:06:00"
"981";"183";"482";"1";"0F3A7E2";"2018-06-13 18:06:00"
"982";"133";"482";"1";"9A9D7DA";"2018-06-14 15:06:00"
"984";"105";"475";"1";"9B07614";"2018-06-14 15:06:00"
"985";"105";"477";"1";"9B07614";"2018-06-14 15:06:00"
"986";"11";"481";"1";"AF72F6F";"2018-06-14 15:06:00"
"987";"321";"481";"1";"780E98F";"2018-06-14 15:06:00"
"988";"321";"484";"1";"780E98F";"2018-06-14 15:06:00"
"989";"347";"340";"1";"84EDC5D";"2018-06-14 15:06:00"
"990";"347";"469";"1";"84EDC5D";"2018-06-14 15:06:00"
"991";"430";"462";"1";"D159DA8";"2018-06-14 15:06:00"
"992";"430";"463";"1";"D159DA8";"2018-06-14 15:06:00"
"993";"430";"467";"1";"D159DA8";"2018-06-14 15:06:00"
"994";"111";"450";"1";"C5DAF20";"2018-06-14 15:06:00"
"995";"107";"456";"1";"E50193F";"2018-06-14 15:06:00"
"996";"336";"343";"2";"09212C7";"2018-06-14 15:06:00"
"997";"57";"475";"1";"701381C";"2018-06-15 10:06:00"
"998";"57";"470";"2";"701381C";"2018-06-15 10:06:00"
"999";"272";"481";"1";"FEAB81E";"2018-06-15 13:06:00"
"1000";"23";"25";"1";"A2BC635";"2018-06-15 17:06:00"
"1001";"408";"6";"2";"1F80781";"2018-06-15 17:06:00"
"1002";"395";"477";"1";"47E71EA";"2018-06-16 14:06:00"
"1003";"395";"466";"1";"47E71EA";"2018-06-16 14:06:00"
"1004";"291";"213";"1";"57FB223";"2018-06-16 14:06:00"
"1005";"346";"470";"1";"4F03AA7";"2018-06-16 14:06:00"
"1006";"347";"4";"1";"D7DA63E";"2018-06-16 14:06:00"
"1007";"408";"4";"1";"BEEB02E";"2018-06-16 15:06:00"
"1008";"408";"52";"1";"BEEB02E";"2018-06-16 15:06:00"
"1009";"124";"392";"1";"75EF432";"2018-06-16 15:06:00"
"1010";"127";"447";"1";"1DA4BED";"2018-06-16 17:06:00"
"1011";"127";"476";"1";"1DA4BED";"2018-06-16 17:06:00"
"1012";"407";"307";"1";"70B202B";"2018-06-18 18:06:00"
"1013";"407";"483";"1";"70B202B";"2018-06-18 18:06:00"
"1014";"407";"472";"1";"70B202B";"2018-06-18 18:06:00"
"1015";"407";"477";"1";"70B202B";"2018-06-18 18:06:00"
"1016";"407";"470";"1";"70B202B";"2018-06-18 18:06:00"
"1017";"320";"475";"2";"6096BE5";"2018-06-18 18:06:00"
"1018";"320";"419";"1";"6096BE5";"2018-06-18 18:06:00"
"1019";"234";"482";"1";"E2E9F79";"2018-06-19 16:06:00"
"1020";"311";"468";"1";"6A2C0D6";"2018-06-19 16:06:00"
"1021";"311";"463";"1";"6A2C0D6";"2018-06-19 16:06:00"
"1022";"311";"462";"1";"6A2C0D6";"2018-06-19 16:06:00"
"1023";"153";"477";"1";"58AA2EA";"2018-06-20 17:06:00"
"1024";"153";"354";"1";"58AA2EA";"2018-06-20 17:06:00"
"1025";"153";"483";"1";"58AA2EA";"2018-06-20 17:06:00"
"1026";"96";"367";"1";"B2A03B2";"2018-06-21 17:06:00"
"1027";"437";"165";"1";"51B6A84";"2018-06-21 17:06:00"
"1028";"437";"487";"1";"51B6A84";"2018-06-21 17:06:00"
"1029";"296";"505";"1";"D2B0E10";"2018-06-21 18:06:00"
"1030";"296";"428";"1";"D2B0E10";"2018-06-21 18:06:00"
"1031";"166";"487";"2";"C73BFBB";"2018-06-21 19:06:00"
"1032";"298";"503";"1";"55BAF27";"2018-06-22 12:06:00"
"1033";"298";"499";"1";"55BAF27";"2018-06-22 12:06:00"
"1034";"298";"211";"1";"55BAF27";"2018-06-22 12:06:00"
"1035";"298";"113";"1";"55BAF27";"2018-06-22 12:06:00"
"1036";"412";"490";"1";"2CDF2D9";"2018-06-22 13:06:00"
"1037";"412";"496";"1";"2CDF2D9";"2018-06-22 13:06:00"
"1038";"412";"2";"3";"2CDF2D9";"2018-06-22 13:06:00"
"1039";"412";"493";"1";"2CDF2D9";"2018-06-22 13:06:00"
"1040";"285";"487";"2";"1611A1D";"2018-06-22 14:06:00"
"1041";"285";"516";"1";"1611A1D";"2018-06-22 14:06:00"
"1042";"198";"478";"1";"4900BD4";"2018-06-22 15:06:00"
"1043";"198";"25";"2";"4900BD4";"2018-06-22 15:06:00"
"1044";"198";"390";"1";"4900BD4";"2018-06-22 15:06:00"
"1045";"198";"510";"3";"4900BD4";"2018-06-22 15:06:00"
"1046";"198";"503";"1";"4900BD4";"2018-06-22 15:06:00"
"1047";"198";"506";"1";"4900BD4";"2018-06-22 15:06:00"
"1048";"111";"514";"1";"94F9843";"2018-06-22 16:06:00"
"1049";"111";"488";"1";"94F9843";"2018-06-22 16:06:00"
"1050";"51";"510";"1";"59E91D1";"2018-06-22 17:06:00"
"1051";"51";"513";"1";"59E91D1";"2018-06-22 17:06:00"
"1052";"316";"210";"1";"87F037B";"2018-06-22 18:06:00"
"1053";"316";"518";"1";"87F037B";"2018-06-22 18:06:00"
"1054";"349";"514";"1";"66D2DB5";"2018-06-22 18:06:00"
"1055";"349";"503";"1";"66D2DB5";"2018-06-22 18:06:00"
"1056";"439";"117";"1";"B21C5E5";"2018-06-23 10:06:00"
"1057";"439";"510";"1";"B21C5E5";"2018-06-23 10:06:00"
"1058";"439";"197";"1";"B21C5E5";"2018-06-23 10:06:00"
"1059";"439";"512";"1";"B21C5E5";"2018-06-23 10:06:00"
"1060";"163";"506";"2";"14667E3";"2018-06-23 10:06:00"
"1061";"348";"510";"1";"924D85B";"2018-06-23 10:06:00"
"1062";"348";"515";"1";"924D85B";"2018-06-23 10:06:00"
"1063";"348";"504";"1";"924D85B";"2018-06-23 10:06:00"
"1064";"285";"516";"1";"1FD157B";"2018-06-23 10:06:00"
"1065";"51";"178";"1";"EC51F0B";"2018-06-23 12:06:00"
"1066";"394";"188";"1";"2DDEE2E";"2018-06-23 12:06:00"
"1067";"207";"496";"1";"9B4285E";"2018-06-23 12:06:00"
"1068";"441";"470";"2";"AA4A916";"2018-06-23 12:06:00"
"1069";"82";"307";"1";"6E9F0D7";"2018-06-23 12:06:00"
"1070";"222";"189";"1";"C099AB0";"2018-06-23 13:06:00"
"1071";"442";"416";"1";"444235D";"2018-06-23 16:06:00"
"1072";"5";"514";"1";"9B0764B";"2018-06-23 17:06:00"
"1073";"5";"508";"1";"9B0764B";"2018-06-23 17:06:00"
"1074";"11";"510";"3";"984A29E";"2018-06-23 17:06:00"
"1075";"11";"430";"1";"984A29E";"2018-06-23 17:06:00"
"1076";"11";"511";"2";"984A29E";"2018-06-23 17:06:00"
"1077";"5";"518";"1";"DD546D3";"2018-06-23 17:06:00"
"1078";"5";"507";"1";"DD546D3";"2018-06-23 17:06:00"
"1079";"378";"493";"1";"AC748AB";"2018-06-23 19:06:00"
"1080";"378";"495";"1";"AC748AB";"2018-06-23 19:06:00"
"1081";"378";"507";"1";"AC748AB";"2018-06-23 19:06:00"
"1082";"378";"485";"1";"AC748AB";"2018-06-23 19:06:00"
"1083";"378";"478";"1";"AC748AB";"2018-06-23 19:06:00"
"1084";"378";"104";"1";"33C0218";"2018-06-23 19:06:00"
"1085";"378";"70";"1";"33C0218";"2018-06-23 19:06:00"
"1088";"299";"487";"1";"EBB779E";"2018-06-25 15:06:00"
"1089";"305";"487";"1";"4677295";"2018-06-25 15:06:00"
"1090";"325";"487";"1";"FA64D0E";"2018-06-25 15:06:00"
"1091";"407";"507";"1";"8636864";"2018-06-25 18:06:00"
"1092";"320";"510";"1";"06C644A";"2018-06-25 18:06:00"
"1093";"443";"497";"1";"8957155";"2018-06-26 14:06:00"
"1094";"443";"512";"1";"8957155";"2018-06-26 14:06:00"
"1095";"443";"352";"1";"8957155";"2018-06-26 14:06:00"
"1096";"443";"117";"1";"8957155";"2018-06-26 14:06:00"
"1097";"444";"507";"1";"182CD43";"2018-06-26 14:06:00"
"1098";"107";"500";"1";"2043676";"2018-06-26 15:06:00"
"1099";"111";"492";"1";"67523FF";"2018-06-26 15:06:00"
"1100";"201";"514";"1";"787899D";"2018-06-27 17:06:00"
"1101";"201";"503";"1";"787899D";"2018-06-27 17:06:00"
"1102";"201";"520";"1";"787899D";"2018-06-27 17:06:00"
"1103";"201";"519";"1";"787899D";"2018-06-27 17:06:00"
"1104";"201";"518";"2";"787899D";"2018-06-27 17:06:00"
"1105";"201";"263";"1";"787899D";"2018-06-27 17:06:00"
"1106";"113";"302";"1";"4B57EFB";"2018-06-28 17:06:00"
"1107";"345";"518";"1";"737B30E";"2018-06-28 17:06:00"
"1108";"345";"510";"1";"737B30E";"2018-06-28 17:06:00"
"1109";"345";"522";"1";"737B30E";"2018-06-28 17:06:00"
"1110";"273";"466";"1";"9E2F928";"2018-06-28 18:06:00"
"1111";"273";"462";"1";"9E2F928";"2018-06-28 18:06:00"
"1112";"293";"474";"2";"FF40A96";"2018-06-28 18:06:00"
"1113";"244";"448";"1";"F86BAAA";"2018-06-28 18:06:00"
"1114";"244";"161";"3";"F86BAAA";"2018-06-28 18:06:00"
"1115";"244";"163";"1";"F86BAAA";"2018-06-28 18:06:00"
"1116";"46";"474";"2";"F9DCCDE";"2018-06-28 18:06:00"
"1117";"46";"477";"1";"F9DCCDE";"2018-06-28 18:06:00"
"1118";"46";"451";"1";"F9DCCDE";"2018-06-28 18:06:00"
"1119";"46";"478";"1";"F9DCCDE";"2018-06-28 18:06:00"
"1120";"133";"502";"1";"869D4C6";"2018-06-28 18:06:00"
"1121";"310";"478";"2";"7E3B647";"2018-06-28 18:06:00"
"1122";"310";"21";"1";"7E3B647";"2018-06-28 18:06:00"
"1123";"320";"475";"2";"A1A1EC3";"2018-06-29 10:06:00"
"1124";"187";"511";"1";"96B9FEA";"2018-06-29 10:06:00"
"1125";"187";"512";"1";"96B9FEA";"2018-06-29 10:06:00"
"1126";"116";"518";"1";"D31CE45";"2018-06-29 13:06:00"
"1127";"116";"519";"1";"D31CE45";"2018-06-29 13:06:00"
"1128";"394";"522";"1";"5977041";"2018-06-29 14:06:00"
"1129";"348";"503";"1";"4077B10";"2018-06-29 17:06:00"
"1130";"348";"518";"1";"4077B10";"2018-06-29 17:06:00"
"1131";"29";"518";"2";"0062DDF";"2018-06-29 18:06:00"
"1132";"102";"519";"1";"7CCEFB8";"2018-06-30 09:06:00"
"1133";"102";"510";"1";"7CCEFB8";"2018-06-30 09:06:00"
"1134";"352";"392";"1";"D95AC79";"2018-06-30 10:06:00"
"1135";"408";"495";"1";"A08588A";"2018-06-30 11:06:00"
"1136";"408";"3";"1";"A08588A";"2018-06-30 11:06:00"
"1137";"205";"3";"1";"D7C3206";"2018-06-30 14:06:00"
"1138";"447";"518";"2";"2187AF0";"2018-06-30 14:06:00"
"1139";"447";"503";"1";"2187AF0";"2018-06-30 14:06:00"
"1140";"447";"521";"2";"2187AF0";"2018-06-30 14:06:00"
"1141";"447";"482";"1";"2187AF0";"2018-06-30 14:06:00"
"1142";"315";"497";"1";"816567F";"2018-06-30 18:06:00"
"1143";"315";"518";"1";"816567F";"2018-06-30 18:06:00"
"1144";"315";"508";"1";"816567F";"2018-06-30 18:06:00"
"1145";"315";"479";"1";"816567F";"2018-06-30 18:06:00"
"1146";"95";"520";"1";"D233688";"2018-07-02 15:07:00"
"1147";"95";"114";"1";"D233688";"2018-07-02 15:07:00"
"1148";"95";"518";"1";"D233688";"2018-07-02 15:07:00"
"1149";"449";"510";"1";"67230C5";"2018-07-02 15:07:00"
"1150";"449";"504";"1";"67230C5";"2018-07-02 15:07:00"
"1151";"449";"503";"1";"67230C5";"2018-07-02 15:07:00"
"1152";"450";"341";"1";"920EA37";"2018-07-02 15:07:00"
"1153";"138";"509";"2";"C65BA11";"2018-07-02 17:07:00"
"1154";"138";"50";"2";"C65BA11";"2018-07-02 17:07:00"
"1155";"138";"496";"1";"C65BA11";"2018-07-02 17:07:00"
"1156";"138";"2";"1";"C65BA11";"2018-07-02 17:07:00"
"1157";"138";"21";"5";"C65BA11";"2018-07-02 17:07:00"
"1158";"138";"23";"1";"C65BA11";"2018-07-02 17:07:00"
"1159";"138";"18";"2";"C65BA11";"2018-07-02 17:07:00"
"1160";"138";"33";"1";"C65BA11";"2018-07-02 17:07:00"
"1161";"138";"34";"1";"C65BA11";"2018-07-02 17:07:00"
"1162";"138";"43";"1";"C65BA11";"2018-07-02 17:07:00"
"1163";"138";"516";"2";"94D7188";"2018-07-02 17:07:00"
"1164";"164";"486";"1";"4A5B57A";"2018-07-02 17:07:00"
"1165";"164";"488";"1";"4A5B57A";"2018-07-02 17:07:00"
"1166";"164";"496";"1";"4A5B57A";"2018-07-02 17:07:00"
"1167";"164";"490";"1";"4A5B57A";"2018-07-02 17:07:00"
"1168";"164";"497";"1";"4A5B57A";"2018-07-02 17:07:00"
"1169";"164";"498";"1";"4A5B57A";"2018-07-02 17:07:00"
"1170";"164";"384";"1";"4A5B57A";"2018-07-02 17:07:00"
"1171";"164";"478";"1";"4A5B57A";"2018-07-02 17:07:00"
"1172";"164";"470";"1";"4A5B57A";"2018-07-02 17:07:00"
"1173";"164";"518";"2";"4A5B57A";"2018-07-02 17:07:00"
"1174";"164";"417";"1";"4A5B57A";"2018-07-02 17:07:00"
"1175";"164";"421";"1";"4A5B57A";"2018-07-02 17:07:00"
"1176";"164";"1";"1";"4A5B57A";"2018-07-02 17:07:00"
"1177";"164";"18";"2";"4A5B57A";"2018-07-02 17:07:00"
"1178";"293";"25";"1";"1B2AE10";"2018-07-02 18:07:00"
"1179";"293";"37";"1";"1B2AE10";"2018-07-02 18:07:00"
"1180";"256";"499";"1";"3FE0845";"2018-07-03 15:07:00"
"1181";"256";"513";"1";"3FE0845";"2018-07-03 15:07:00"
"1182";"256";"517";"1";"3FE0845";"2018-07-03 15:07:00"
"1183";"451";"19";"1";"B787730";"2018-07-03 16:07:00"
"1184";"451";"495";"1";"B787730";"2018-07-03 16:07:00"
"1185";"6";"384";"1";"26C2811";"2018-07-03 17:07:00"
"1186";"452";"508";"1";"7B88E12";"2018-07-03 17:07:00"
"1187";"452";"521";"1";"7B88E12";"2018-07-03 17:07:00"
"1188";"452";"519";"1";"7B88E12";"2018-07-03 17:07:00"
"1189";"453";"518";"1";"B42954A";"2018-07-03 17:07:00"
"1190";"454";"521";"2";"495F84F";"2018-07-04 12:07:00"
"1191";"454";"520";"1";"495F84F";"2018-07-04 12:07:00"
"1192";"454";"519";"1";"495F84F";"2018-07-04 12:07:00"
"1193";"454";"500";"1";"495F84F";"2018-07-04 12:07:00"
"1194";"454";"260";"1";"495F84F";"2018-07-04 12:07:00"
"1195";"455";"379";"1";"832EECF";"2018-07-04 14:07:00"
"1196";"455";"494";"1";"832EECF";"2018-07-04 14:07:00"
"1197";"455";"493";"1";"832EECF";"2018-07-04 14:07:00"
"1198";"455";"495";"1";"832EECF";"2018-07-04 14:07:00"
"1199";"5";"194";"1";"E43CFAE";"2018-07-04 15:07:00"
"1200";"5";"3";"1";"E43CFAE";"2018-07-04 15:07:00"
"1204";"415";"521";"1";"5CF0E6B";"2018-07-05 11:07:00"
"1205";"415";"504";"1";"5CF0E6B";"2018-07-05 11:07:00"
"1206";"415";"498";"1";"5CF0E6B";"2018-07-05 11:07:00"
"1207";"166";"4";"1";"AAE9D4E";"2018-07-05 11:07:00"
"1208";"431";"521";"1";"6493FA9";"2018-07-05 14:07:00"
"1209";"431";"499";"1";"6493FA9";"2018-07-05 14:07:00"
"1210";"274";"514";"1";"AE60A56";"2018-07-06 10:07:00"
"1211";"274";"503";"1";"AE60A56";"2018-07-06 10:07:00"
"1212";"274";"504";"1";"AE60A56";"2018-07-06 10:07:00"
"1213";"304";"487";"1";"BE782A8";"2018-07-06 11:07:00"
"1214";"304";"21";"1";"BE782A8";"2018-07-06 11:07:00"
"1215";"304";"495";"1";"BE782A8";"2018-07-06 11:07:00"
"1216";"304";"396";"1";"BE782A8";"2018-07-06 11:07:00"
"1217";"80";"499";"2";"477D9BE";"2018-07-06 12:07:00"
"1218";"166";"502";"1";"4BB30F3";"2018-07-06 12:07:00"
"1219";"30";"518";"1";"11C2062";"2018-07-06 12:07:00"
"1220";"198";"3";"1";"736114A";"2018-07-06 13:07:00"
"1221";"165";"21";"2";"EEF37F9";"2018-07-07 10:07:00"
"1222";"165";"20";"1";"EEF37F9";"2018-07-07 10:07:00"
"1223";"114";"493";"1";"74B6D35";"2018-07-07 11:07:00"
"1224";"114";"490";"1";"74B6D35";"2018-07-07 11:07:00"
"1225";"114";"495";"1";"74B6D35";"2018-07-07 11:07:00"
"1226";"399";"515";"1";"8565E69";"2018-07-07 11:07:00"
"1227";"399";"518";"1";"8565E69";"2018-07-07 11:07:00"
"1228";"313";"518";"1";"83D5032";"2018-07-07 14:07:00"
"1229";"313";"514";"1";"83D5032";"2018-07-07 14:07:00"
"1230";"313";"515";"1";"83D5032";"2018-07-07 14:07:00"
"1231";"313";"509";"1";"83D5032";"2018-07-07 14:07:00"
"1232";"313";"492";"1";"83D5032";"2018-07-07 14:07:00"
"1233";"313";"489";"1";"83D5032";"2018-07-07 14:07:00"
"1234";"313";"495";"1";"83D5032";"2018-07-07 14:07:00"
"1235";"165";"518";"3";"3288A76";"2018-07-07 16:07:00"
"1236";"133";"518";"2";"D0A0212";"2018-07-07 16:07:00"
"1237";"316";"277";"1";"3D7BD66";"2018-07-07 16:07:00"
"1238";"287";"7";"2";"0E178EB";"2018-07-07 17:07:00"
"1239";"287";"510";"1";"0E178EB";"2018-07-07 17:07:00"
"1240";"287";"521";"1";"0E178EB";"2018-07-07 17:07:00"
"1241";"287";"110";"1";"0E178EB";"2018-07-07 17:07:00"
"1242";"287";"60";"1";"0E178EB";"2018-07-07 17:07:00"
"1243";"319";"519";"1";"CDF4F55";"2018-07-10 14:07:00"
"1244";"319";"518";"1";"CDF4F55";"2018-07-10 14:07:00"
"1245";"319";"515";"1";"CDF4F55";"2018-07-10 14:07:00"
"1246";"102";"519";"1";"9EAFC22";"2018-07-10 16:07:00"
"1247";"170";"481";"2";"F9255C3";"2018-07-10 16:07:00"
"1248";"170";"486";"1";"F9255C3";"2018-07-10 16:07:00"
"1249";"429";"49";"2";"2B1F5C0";"2018-07-10 16:07:00"
"1250";"429";"495";"1";"2B1F5C0";"2018-07-10 16:07:00"
"1251";"429";"21";"2";"2B1F5C0";"2018-07-10 16:07:00"
"1252";"429";"2";"1";"2B1F5C0";"2018-07-10 16:07:00"
"1253";"456";"150";"1";"322F68F";"2018-07-10 16:07:00"
"1254";"165";"510";"1";"3831828";"2018-07-10 16:07:00"
"1255";"165";"507";"1";"3831828";"2018-07-10 16:07:00"
"1256";"165";"521";"3";"3831828";"2018-07-10 16:07:00"
"1257";"165";"503";"2";"3831828";"2018-07-10 16:07:00"
"1258";"457";"475";"1";"2F9C4D6";"2018-07-11 16:07:00"
"1259";"457";"3";"1";"2F9C4D6";"2018-07-11 16:07:00"
"1260";"457";"494";"1";"2F9C4D6";"2018-07-11 16:07:00"
"1261";"457";"514";"1";"2F9C4D6";"2018-07-11 16:07:00"
"1262";"457";"268";"1";"2F9C4D6";"2018-07-11 16:07:00"
"1263";"408";"470";"2";"67804A4";"2018-07-11 16:07:00"
"1264";"408";"385";"1";"9F51688";"2018-07-11 17:07:00"
"1265";"372";"415";"1";"70AAE5B";"2018-07-12 17:07:00"
"1266";"372";"114";"1";"70AAE5B";"2018-07-12 17:07:00"
"1267";"372";"495";"1";"70AAE5B";"2018-07-12 17:07:00"
"1269";"458";"75";"1";"543D5FB";"2018-07-13 15:07:00"
"1270";"458";"107";"1";"543D5FB";"2018-07-13 15:07:00"
"1271";"368";"446";"1";"82C4940";"2018-07-14 10:07:00"
"1272";"368";"346";"1";"82C4940";"2018-07-14 10:07:00"
"1273";"368";"356";"1";"82C4940";"2018-07-14 10:07:00"
"1274";"368";"533";"2";"622F4BD";"2018-07-14 10:07:00"
"1275";"368";"536";"1";"622F4BD";"2018-07-14 10:07:00"
"1277";"207";"23";"2";"8477F89";"2018-07-14 13:07:00"
"1278";"207";"499";"1";"8477F89";"2018-07-14 13:07:00"
"1283";"292";"503";"1";"7E324EF";"2018-07-14 16:07:00"
"1284";"459";"496";"1";"443C8A7";"2018-07-14 16:07:00"
"1285";"459";"2";"1";"443C8A7";"2018-07-14 16:07:00"
"1286";"459";"386";"1";"443C8A7";"2018-07-14 16:07:00"
"1287";"459";"337";"1";"443C8A7";"2018-07-14 16:07:00"
"1288";"459";"467";"1";"443C8A7";"2018-07-14 16:07:00"
"1289";"226";"488";"1";"FD26403";"2018-07-14 16:07:00"
"1290";"226";"510";"1";"FD26403";"2018-07-14 16:07:00"
"1291";"226";"531";"1";"FD26403";"2018-07-14 16:07:00"
"1292";"226";"538";"2";"FD26403";"2018-07-14 16:07:00"
"1293";"393";"514";"1";"E413577";"2018-07-14 16:07:00"
"1294";"393";"534";"1";"E413577";"2018-07-14 16:07:00"
"1295";"393";"352";"1";"E413577";"2018-07-14 16:07:00"
"1296";"393";"499";"1";"E413577";"2018-07-14 16:07:00"
"1297";"460";"476";"1";"19ABB4B";"2018-07-14 17:07:00"
"1298";"460";"510";"2";"19ABB4B";"2018-07-14 17:07:00"
"1299";"460";"513";"1";"19ABB4B";"2018-07-14 17:07:00"
"1300";"460";"479";"1";"19ABB4B";"2018-07-14 17:07:00"
"1301";"460";"381";"1";"19ABB4B";"2018-07-14 17:07:00"
"1302";"460";"392";"1";"19ABB4B";"2018-07-14 17:07:00"
"1303";"321";"500";"1";"79223F1";"2018-07-14 17:07:00"
"1304";"313";"495";"1";"E9ED06E";"2018-07-16 14:07:00"
"1305";"336";"385";"1";"156D985";"2018-07-16 14:07:00"
"1306";"366";"522";"1";"7964CAE";"2018-07-16 16:07:00"
"1307";"366";"534";"1";"7964CAE";"2018-07-16 16:07:00"
"1308";"366";"538";"2";"7964CAE";"2018-07-16 16:07:00"
"1309";"366";"510";"1";"7964CAE";"2018-07-16 16:07:00"
"1310";"28";"510";"4";"B6CF7A9";"2018-07-17 18:07:00"
"1311";"28";"503";"1";"B6CF7A9";"2018-07-17 18:07:00"
"1312";"28";"535";"2";"B6CF7A9";"2018-07-17 18:07:00"
"1313";"28";"536";"2";"B6CF7A9";"2018-07-17 18:07:00"
"1314";"28";"518";"3";"B6CF7A9";"2018-07-17 18:07:00"
"1315";"28";"374";"1";"B6CF7A9";"2018-07-17 18:07:00"
"1316";"27";"495";"1";"66C938D";"2018-07-18 12:07:00"
"1317";"86";"524";"1";"54AB948";"2018-07-18 14:07:00"
"1318";"46";"531";"1";"D83DE34";"2018-07-18 14:07:00"
"1319";"46";"448";"1";"D83DE34";"2018-07-18 14:07:00"
"1320";"125";"506";"1";"E11E299";"2018-07-19 18:07:00"
"1321";"125";"538";"3";"E11E299";"2018-07-19 18:07:00"
"1322";"125";"536";"1";"E11E299";"2018-07-19 18:07:00"
"1323";"125";"540";"1";"E11E299";"2018-07-19 18:07:00"
"1324";"461";"533";"1";"B224DD3";"2018-07-19 18:07:00"
"1325";"341";"534";"1";"9234C0C";"2018-07-19 18:07:00"
"1326";"341";"536";"1";"9234C0C";"2018-07-19 18:07:00"
"1327";"341";"502";"1";"9234C0C";"2018-07-19 18:07:00"
"1328";"341";"503";"1";"9234C0C";"2018-07-19 18:07:00"
"1329";"341";"518";"1";"9234C0C";"2018-07-19 18:07:00"
"1330";"341";"538";"1";"9234C0C";"2018-07-19 18:07:00"
"1331";"341";"540";"1";"9234C0C";"2018-07-19 18:07:00"
"1332";"341";"495";"1";"9234C0C";"2018-07-19 18:07:00"
"1333";"341";"529";"1";"9234C0C";"2018-07-19 18:07:00"
"1334";"341";"512";"1";"9234C0C";"2018-07-19 18:07:00"
"1335";"237";"534";"1";"35C1309";"2018-07-20 15:07:00"
"1336";"349";"540";"1";"9823704";"2018-07-21 09:07:00"
"1337";"395";"501";"2";"325F8A2";"2018-07-21 12:07:00"
"1338";"395";"538";"1";"325F8A2";"2018-07-21 12:07:00"
"1339";"462";"535";"1";"2D3E913";"2018-07-21 12:07:00"
"1340";"462";"217";"1";"2D3E913";"2018-07-21 12:07:00"
"1341";"462";"528";"1";"2D3E913";"2018-07-21 12:07:00"
"1342";"462";"538";"1";"2D3E913";"2018-07-21 12:07:00"
"1343";"462";"210";"2";"2D3E913";"2018-07-21 12:07:00"
"1344";"298";"536";"1";"AB8E8ED";"2018-07-21 12:07:00"
"1345";"305";"524";"1";"3D805DE";"2018-07-21 14:07:00"
"1346";"408";"495";"1";"DFAB28E";"2018-07-21 14:07:00"
"1347";"408";"540";"1";"DFAB28E";"2018-07-21 14:07:00"
"1348";"463";"490";"1";"B959069";"2018-07-21 16:07:00"
"1349";"463";"495";"1";"B959069";"2018-07-21 16:07:00"
"1350";"463";"524";"1";"B959069";"2018-07-21 16:07:00"
"1351";"463";"18";"3";"B959069";"2018-07-21 16:07:00"
"1352";"314";"503";"1";"1B14BB9";"2018-07-21 18:07:00"
"1353";"314";"533";"1";"1B14BB9";"2018-07-21 18:07:00"
"1354";"396";"532";"1";"B56BF24";"2018-07-21 18:07:00"
"1355";"396";"527";"1";"B56BF24";"2018-07-21 18:07:00"
"1356";"11";"540";"1";"31C8897";"2018-07-24 14:07:00"
"1357";"464";"527";"1";"2EE6F2A";"2018-07-25 18:07:00"
"1358";"464";"529";"1";"2EE6F2A";"2018-07-25 18:07:00"
"1359";"33";"419";"1";"04FA798";"2018-07-25 19:07:00"
"1360";"33";"510";"2";"04FA798";"2018-07-25 19:07:00"
"1361";"33";"182";"1";"04FA798";"2018-07-25 19:07:00"
"1362";"33";"374";"1";"04FA798";"2018-07-25 19:07:00"
"1363";"33";"381";"1";"04FA798";"2018-07-25 19:07:00"
"1364";"33";"351";"1";"04FA798";"2018-07-25 19:07:00"
"1365";"465";"513";"1";"9F439C6";"2018-07-26 10:07:00"
"1366";"465";"264";"1";"9F439C6";"2018-07-26 10:07:00"
"1367";"465";"263";"2";"9F439C6";"2018-07-26 10:07:00"
"1368";"465";"268";"1";"9F439C6";"2018-07-26 10:07:00"
"1369";"394";"501";"1";"7AE1D03";"2018-07-26 11:07:00"
"1370";"316";"353";"1";"837250B";"2018-07-26 12:07:00"
"1371";"166";"538";"1";"CE84D4A";"2018-07-26 14:07:00"
"1372";"166";"518";"1";"CE84D4A";"2018-07-26 14:07:00"
"1373";"166";"537";"1";"CE84D4A";"2018-07-26 14:07:00"
"1374";"466";"518";"1";"3A9D409";"2018-07-26 14:07:00"
"1375";"466";"210";"1";"3A9D409";"2018-07-26 14:07:00"
"1376";"394";"525";"1";"474D7CA";"2018-07-26 14:07:00"
"1377";"29";"178";"1";"74101E3";"2018-07-26 16:07:00"
"1378";"106";"495";"1";"FF3E913";"2018-07-26 17:07:00"
"1379";"106";"518";"1";"1543442";"2018-07-27 14:07:00"
"1380";"106";"488";"1";"1543442";"2018-07-27 14:07:00"
"1381";"106";"21";"3";"1543442";"2018-07-27 14:07:00"
"1382";"106";"20";"1";"1543442";"2018-07-27 14:07:00"
"1383";"106";"164";"1";"1543442";"2018-07-27 14:07:00"
"1384";"106";"50";"1";"1543442";"2018-07-27 14:07:00"
"1385";"106";"162";"1";"1543442";"2018-07-27 14:07:00"
"1386";"106";"349";"1";"1543442";"2018-07-27 14:07:00"
"1387";"311";"516";"1";"4C753E6";"2018-07-27 15:07:00"
"1388";"311";"539";"1";"4C753E6";"2018-07-27 15:07:00"
"1389";"311";"540";"1";"4C753E6";"2018-07-27 15:07:00"
"1390";"311";"518";"1";"4C753E6";"2018-07-27 15:07:00"
"1391";"27";"396";"1";"FDAD5A9";"2018-07-27 15:07:00"
"1392";"27";"387";"1";"FDAD5A9";"2018-07-27 15:07:00"
"1393";"467";"32";"1";"C22B662";"2018-07-27 17:07:00"
"1394";"467";"50";"1";"C22B662";"2018-07-27 17:07:00"
"1395";"467";"496";"1";"C22B662";"2018-07-27 17:07:00"
"1396";"467";"509";"1";"C22B662";"2018-07-27 17:07:00"
"1397";"467";"525";"1";"C22B662";"2018-07-27 17:07:00"
"1398";"467";"18";"2";"C22B662";"2018-07-27 17:07:00"
"1399";"467";"1";"1";"C22B662";"2018-07-27 17:07:00"
"1400";"102";"510";"1";"E6061BF";"2018-07-28 12:07:00"
"1401";"158";"516";"1";"AD1FC45";"2018-07-31 16:07:00"
"1402";"158";"527";"1";"AD1FC45";"2018-07-31 16:07:00"
"1403";"108";"533";"1";"EA11B54";"2018-07-31 17:07:00"
"1404";"108";"536";"1";"EA11B54";"2018-07-31 17:07:00"
"1405";"94";"530";"1";"A9726B2";"2018-07-31 18:07:00"
"1406";"94";"25";"2";"A9726B2";"2018-07-31 18:07:00"
"1407";"94";"525";"1";"A9726B2";"2018-07-31 18:07:00"
"1408";"94";"495";"2";"A9726B2";"2018-07-31 18:07:00"
"1409";"94";"385";"1";"A9726B2";"2018-07-31 18:07:00"
"1410";"94";"538";"1";"A9726B2";"2018-07-31 18:07:00"
"1411";"258";"390";"1";"A745DE5";"2018-07-31 18:07:00"
"1412";"258";"386";"1";"A745DE5";"2018-07-31 18:07:00"
"1413";"8";"529";"1";"74C165B";"2018-07-31 18:07:00"
"1414";"8";"518";"1";"74C165B";"2018-07-31 18:07:00"
"1415";"8";"519";"1";"74C165B";"2018-07-31 18:07:00"
"1416";"8";"477";"2";"74C165B";"2018-07-31 18:07:00"
"1417";"51";"518";"1";"97B41FD";"2018-08-01 15:08:00"
"1418";"324";"538";"1";"A12A1F2";"2018-08-01 16:08:00"
"1419";"108";"525";"2";"D8AE7E6";"2018-08-01 18:08:00"
"1420";"108";"533";"1";"D8AE7E6";"2018-08-01 18:08:00"
"1421";"108";"386";"1";"D8AE7E6";"2018-08-01 18:08:00"
"1422";"106";"510";"1";"4B4555A";"2018-08-02 16:08:00"
"1423";"160";"210";"1";"871E6AF";"2018-08-02 17:08:00"
"1424";"160";"478";"1";"871E6AF";"2018-08-02 17:08:00"
"1425";"160";"470";"1";"871E6AF";"2018-08-02 17:08:00"
"1426";"160";"538";"1";"871E6AF";"2018-08-02 17:08:00"
"1427";"160";"379";"1";"871E6AF";"2018-08-02 17:08:00"
"1428";"164";"396";"1";"C2608D0";"2018-08-02 17:08:00"
"1429";"237";"318";"2";"28053D7";"2018-08-03 16:08:00"
"1430";"237";"50";"1";"28053D7";"2018-08-03 16:08:00"
"1431";"415";"538";"2";"AB6BF38";"2018-08-04 11:08:00"
"1432";"415";"318";"2";"AB6BF38";"2018-08-04 11:08:00"
"1433";"468";"526";"1";"8C1A488";"2018-08-04 15:08:00"
"1434";"468";"545";"1";"8C1A488";"2018-08-04 15:08:00"
"1435";"368";"547";"1";"5BD522E";"2018-08-04 16:08:00"
"1436";"368";"526";"1";"5BD522E";"2018-08-04 16:08:00"
"1437";"368";"529";"2";"5BD522E";"2018-08-04 16:08:00"
"1438";"368";"538";"2";"5BD522E";"2018-08-04 16:08:00"
"1439";"368";"495";"1";"5BD522E";"2018-08-04 16:08:00"
"1440";"304";"525";"3";"A41ABF8";"2018-08-04 17:08:00"
"1441";"304";"526";"1";"A41ABF8";"2018-08-04 17:08:00"
"1442";"304";"530";"1";"A41ABF8";"2018-08-04 17:08:00"
"1443";"304";"495";"1";"A41ABF8";"2018-08-04 17:08:00"
"1444";"304";"545";"1";"A41ABF8";"2018-08-04 17:08:00"
"1445";"304";"302";"1";"A41ABF8";"2018-08-04 17:08:00"
"1446";"304";"524";"1";"A41ABF8";"2018-08-04 17:08:00"
"1447";"304";"490";"1";"A41ABF8";"2018-08-04 17:08:00"
"1448";"304";"550";"1";"A41ABF8";"2018-08-04 17:08:00"
"1449";"304";"551";"1";"A41ABF8";"2018-08-04 17:08:00"
"1450";"224";"527";"1";"3EB9B21";"2018-08-04 18:08:00"
"1451";"224";"551";"1";"3EB9B21";"2018-08-04 18:08:00"
"1452";"299";"551";"2";"5D23865";"2018-08-04 18:08:00"
"1453";"160";"550";"2";"04B8A2D";"2018-08-05 15:08:00"
"1454";"160";"318";"1";"04B8A2D";"2018-08-05 15:08:00"
"1455";"160";"527";"1";"04B8A2D";"2018-08-05 15:08:00"
"1456";"160";"549";"1";"04B8A2D";"2018-08-05 15:08:00"
"1457";"191";"390";"2";"65A4CCF";"2018-08-05 15:08:00"
"1458";"191";"538";"1";"65A4CCF";"2018-08-05 15:08:00"
"1459";"469";"21";"1";"248AE55";"2018-08-05 15:08:00"
"1460";"469";"497";"1";"248AE55";"2018-08-05 15:08:00"
"1461";"134";"470";"1";"AFB8503";"2018-08-05 15:08:00"
"1462";"87";"491";"1";"F9F5F24";"2018-08-06 09:08:00"
"1463";"87";"477";"2";"F9F5F24";"2018-08-06 09:08:00"
"1464";"87";"476";"2";"F9F5F24";"2018-08-06 09:08:00"
"1465";"87";"502";"1";"F9F5F24";"2018-08-06 09:08:00"
"1466";"87";"318";"1";"F9F5F24";"2018-08-06 09:08:00"
"1467";"87";"550";"1";"F9F5F24";"2018-08-06 09:08:00"
"1468";"87";"538";"1";"F9F5F24";"2018-08-06 09:08:00"
"1469";"87";"495";"1";"F9F5F24";"2018-08-06 09:08:00"
"1470";"87";"497";"2";"F9F5F24";"2018-08-06 09:08:00"
"1471";"87";"546";"2";"F9F5F24";"2018-08-06 09:08:00"
"1472";"87";"552";"1";"F9F5F24";"2018-08-06 09:08:00"
"1473";"87";"486";"1";"F9F5F24";"2018-08-06 09:08:00"
"1474";"87";"551";"1";"F9F5F24";"2018-08-06 09:08:00"
"1475";"96";"545";"1";"8CA3FF9";"2018-08-06 10:08:00"
"1476";"124";"395";"1";"24EEB0E";"2018-08-06 10:08:00"
"1477";"124";"193";"1";"24EEB0E";"2018-08-06 10:08:00"
"1478";"124";"315";"1";"24EEB0E";"2018-08-06 10:08:00"
"1479";"124";"3";"1";"24EEB0E";"2018-08-06 10:08:00"
"1480";"260";"519";"2";"3CA7732";"2018-08-06 10:08:00"
"1481";"260";"498";"1";"3CA7732";"2018-08-06 10:08:00"
"1482";"281";"518";"1";"4244138";"2018-08-06 11:08:00"
"1483";"281";"318";"2";"4244138";"2018-08-06 11:08:00"
"1484";"470";"549";"1";"A3BAE40";"2018-08-06 15:08:00"
"1485";"470";"518";"1";"A3BAE40";"2018-08-06 15:08:00"
"1486";"470";"546";"1";"A3BAE40";"2018-08-06 15:08:00"
"1487";"470";"489";"1";"A3BAE40";"2018-08-06 15:08:00"
"1488";"460";"540";"1";"41DF432";"2018-08-06 15:08:00"
"1489";"460";"544";"1";"41DF432";"2018-08-06 15:08:00"
"1490";"460";"318";"1";"41DF432";"2018-08-06 15:08:00"
"1491";"460";"99";"1";"41DF432";"2018-08-06 15:08:00"
"1492";"460";"514";"1";"41DF432";"2018-08-06 15:08:00"
"1493";"470";"302";"1";"87A6FAC";"2018-08-06 15:08:00"
"1494";"87";"489";"1";"1F6980D";"2018-08-06 15:08:00"
"1495";"87";"524";"1";"1F6980D";"2018-08-06 15:08:00"
"1496";"87";"393";"1";"1F6980D";"2018-08-06 15:08:00"
"1497";"165";"23";"5";"E186706";"2018-08-06 17:08:00"
"1498";"165";"525";"5";"E186706";"2018-08-06 17:08:00"
"1499";"165";"21";"3";"E186706";"2018-08-06 17:08:00"
"1500";"165";"302";"2";"E186706";"2018-08-06 17:08:00"
"1501";"165";"391";"1";"E186706";"2018-08-06 17:08:00"
"1502";"165";"386";"1";"E186706";"2018-08-06 17:08:00"
"1503";"165";"532";"1";"E186706";"2018-08-06 17:08:00"
"1504";"165";"495";"1";"E186706";"2018-08-06 17:08:00"
"1505";"165";"318";"1";"0E3B5CD";"2018-08-06 17:08:00"
"1506";"165";"518";"1";"0E3B5CD";"2018-08-06 17:08:00"
"1507";"272";"499";"1";"BE5B0DB";"2018-08-07 12:08:00"
"1508";"272";"528";"1";"BE5B0DB";"2018-08-07 12:08:00"
"1509";"272";"470";"1";"BE5B0DB";"2018-08-07 12:08:00"
"1510";"272";"545";"1";"BE5B0DB";"2018-08-07 12:08:00"
"1511";"256";"535";"1";"A8C8D4F";"2018-08-07 13:08:00"
"1512";"256";"545";"1";"A8C8D4F";"2018-08-07 13:08:00"
"1513";"369";"491";"1";"6818123";"2018-08-07 13:08:00"
"1514";"369";"527";"1";"6818123";"2018-08-07 13:08:00"
"1515";"369";"552";"1";"6818123";"2018-08-07 13:08:00"
"1516";"369";"545";"1";"6818123";"2018-08-07 13:08:00"
"1517";"354";"394";"1";"4E58FF6";"2018-08-07 14:08:00"
"1518";"354";"388";"1";"4E58FF6";"2018-08-07 14:08:00"
"1519";"347";"525";"1";"CB5D1B1";"2018-08-07 14:08:00"
"1520";"347";"391";"1";"CB5D1B1";"2018-08-07 14:08:00"
"1521";"347";"28";"1";"CB5D1B1";"2018-08-07 14:08:00"
"1522";"347";"8";"1";"CB5D1B1";"2018-08-07 14:08:00"
"1523";"194";"19";"1";"C17AA04";"2018-08-07 15:08:00"
"1524";"194";"18";"1";"C17AA04";"2018-08-07 15:08:00"
"1525";"194";"550";"2";"C17AA04";"2018-08-07 15:08:00"
"1526";"194";"552";"1";"C17AA04";"2018-08-07 15:08:00"
"1527";"166";"533";"1";"00F8813";"2018-08-07 15:08:00"
"1528";"394";"531";"1";"01E8B1E";"2018-08-07 16:08:00"
"1529";"310";"551";"1";"B28AEC3";"2018-08-07 19:08:00"
"1530";"310";"495";"1";"B28AEC3";"2018-08-07 19:08:00"
"1531";"310";"538";"1";"B28AEC3";"2018-08-07 19:08:00"
"1532";"310";"540";"1";"B28AEC3";"2018-08-07 19:08:00"
"1533";"310";"515";"1";"B28AEC3";"2018-08-07 19:08:00"
"1534";"310";"318";"3";"B28AEC3";"2018-08-07 19:08:00"
"1535";"310";"545";"2";"B28AEC3";"2018-08-07 19:08:00"
"1536";"281";"547";"1";"7DC5E6B";"2018-08-07 19:08:00"
"1537";"372";"545";"1";"4DE5CBC";"2018-08-08 13:08:00"
"1538";"300";"527";"1";"B166E44";"2018-08-08 14:08:00"
"1539";"300";"74";"1";"B166E44";"2018-08-08 14:08:00"
"1540";"300";"342";"1";"B166E44";"2018-08-08 14:08:00"
"1541";"300";"47";"1";"B166E44";"2018-08-08 14:08:00"
"1542";"300";"545";"1";"B166E44";"2018-08-08 14:08:00"
"1543";"462";"538";"2";"3D41C11";"2018-08-08 14:08:00"
"1544";"462";"550";"1";"3D41C11";"2018-08-08 14:08:00"
"1545";"462";"193";"1";"3D41C11";"2018-08-08 14:08:00"
"1546";"462";"318";"1";"3D41C11";"2018-08-08 14:08:00"
"1551";"11";"527";"2";"E1DAB1D";"2018-08-08 16:08:00"
"1552";"11";"6";"1";"E1DAB1D";"2018-08-08 16:08:00"
"1553";"11";"525";"1";"E1DAB1D";"2018-08-08 16:08:00"
"1554";"11";"548";"1";"E1DAB1D";"2018-08-08 16:08:00"
"1555";"11";"193";"2";"E1DAB1D";"2018-08-08 16:08:00"
"1556";"11";"550";"2";"E1DAB1D";"2018-08-08 16:08:00"
"1557";"348";"318";"2";"90DAAE1";"2018-08-09 14:08:00"
"1558";"348";"538";"1";"90DAAE1";"2018-08-09 14:08:00"
"1559";"348";"498";"1";"90DAAE1";"2018-08-09 14:08:00"
"1560";"348";"515";"1";"90DAAE1";"2018-08-09 14:08:00"
"1561";"408";"523";"1";"FA19609";"2018-08-09 14:08:00"
"1562";"129";"549";"1";"92D3D48";"2018-08-09 16:08:00"
"1563";"129";"545";"1";"92D3D48";"2018-08-09 16:08:00"
"1564";"346";"533";"1";"5A42032";"2018-08-09 16:08:00"
"1565";"346";"525";"2";"5A42032";"2018-08-09 16:08:00"
"1566";"335";"552";"1";"5727771";"2018-08-09 17:08:00"
"1567";"82";"550";"1";"D85E5D6";"2018-08-09 17:08:00"
"1568";"82";"498";"1";"D85E5D6";"2018-08-09 17:08:00"
"1569";"82";"538";"2";"D85E5D6";"2018-08-09 17:08:00"
"1570";"407";"525";"1";"43BD0F4";"2018-08-09 18:08:00"
"1571";"407";"538";"1";"43BD0F4";"2018-08-09 18:08:00"
"1572";"320";"64";"1";"DF24307";"2018-08-09 18:08:00"
"1573";"320";"550";"1";"DF24307";"2018-08-09 18:08:00"
"1574";"320";"318";"1";"DF24307";"2018-08-09 18:08:00"
"1575";"198";"492";"1";"4671780";"2018-08-10 12:08:00"
"1576";"198";"530";"1";"4671780";"2018-08-10 12:08:00"
"1577";"198";"527";"3";"4671780";"2018-08-10 12:08:00"
"1578";"198";"3";"1";"4671780";"2018-08-10 12:08:00"
"1579";"457";"527";"1";"73C51A7";"2018-08-10 13:08:00"
"1580";"30";"550";"1";"9A9EC19";"2018-08-10 15:08:00"
"1581";"30";"495";"1";"9A9EC19";"2018-08-10 15:08:00"
"1582";"197";"318";"2";"049BD73";"2018-08-10 15:08:00"
"1583";"106";"550";"1";"2B4C0B7";"2018-08-10 15:08:00"
"1584";"205";"527";"1";"A2AB663";"2018-08-10 15:08:00"
"1585";"319";"495";"1";"D3B6E01";"2018-08-10 17:08:00"
"1586";"319";"549";"1";"D3B6E01";"2018-08-10 17:08:00"
"1587";"319";"525";"1";"D3B6E01";"2018-08-10 17:08:00"
"1588";"319";"523";"1";"6EBF06E";"2018-08-10 17:08:00"
"1589";"163";"23";"1";"6222A9D";"2018-08-10 17:08:00"
"1590";"163";"527";"2";"6222A9D";"2018-08-10 17:08:00"
"1591";"106";"545";"1";"E839E9B";"2018-08-10 17:08:00"
"1592";"11";"551";"1";"A52B41B";"2018-08-11 11:08:00"
"1593";"11";"550";"1";"A52B41B";"2018-08-11 11:08:00"
"1594";"472";"18";"2";"19F2210";"2018-08-11 11:08:00"
"1595";"472";"524";"1";"19F2210";"2018-08-11 11:08:00"
"1596";"472";"46";"1";"19F2210";"2018-08-11 11:08:00"
"1597";"472";"74";"1";"19F2210";"2018-08-11 11:08:00"
"1598";"472";"464";"1";"19F2210";"2018-08-11 11:08:00"
"1599";"472";"344";"1";"19F2210";"2018-08-11 11:08:00"
"1600";"472";"82";"1";"19F2210";"2018-08-11 11:08:00"
"1601";"472";"7";"1";"19F2210";"2018-08-11 11:08:00"
"1602";"472";"527";"3";"19F2210";"2018-08-11 11:08:00"
"1603";"472";"532";"1";"19F2210";"2018-08-11 11:08:00"
"1604";"472";"531";"1";"19F2210";"2018-08-11 11:08:00"
"1605";"451";"525";"2";"2ABCA8E";"2018-08-11 12:08:00"
"1606";"451";"495";"1";"2ABCA8E";"2018-08-11 12:08:00"
"1607";"451";"18";"1";"2ABCA8E";"2018-08-11 12:08:00"
"1608";"49";"22";"1";"255D609";"2018-08-11 12:08:00"
"1609";"82";"553";"1";"0B358C8";"2018-08-11 12:08:00"
"1610";"82";"551";"1";"0B358C8";"2018-08-11 12:08:00"
"1611";"162";"8";"1";"9BBFE91";"2018-08-11 12:08:00"
"1612";"162";"23";"1";"9BBFE91";"2018-08-11 12:08:00"
"1613";"449";"1";"1";"17D7740";"2018-08-11 13:08:00"
"1614";"449";"527";"1";"17D7740";"2018-08-11 13:08:00"
"1615";"449";"494";"1";"17D7740";"2018-08-11 13:08:00"
"1616";"449";"382";"1";"17D7740";"2018-08-11 13:08:00"
"1617";"449";"318";"3";"17D7740";"2018-08-11 13:08:00"
"1618";"130";"550";"1";"A069C0E";"2018-08-11 13:08:00"
"1619";"130";"417";"2";"A069C0E";"2018-08-11 13:08:00"
"1620";"473";"494";"1";"B5F25F9";"2018-08-11 13:08:00"
"1621";"165";"23";"6";"E024C1E";"2018-08-11 14:08:00"
"1622";"165";"25";"1";"E024C1E";"2018-08-11 14:08:00"
"1623";"292";"548";"1";"536FBA1";"2018-08-11 15:08:00"
"1624";"44";"518";"1";"DA159FE";"2018-08-11 15:08:00"
"1625";"44";"538";"1";"DA159FE";"2018-08-11 15:08:00"
"1626";"335";"538";"1";"ACF3960";"2018-08-11 15:08:00"
"1627";"335";"540";"1";"ACF3960";"2018-08-11 15:08:00"
"1628";"335";"318";"1";"ACF3960";"2018-08-11 15:08:00"
"1629";"108";"495";"1";"9F04F97";"2018-08-11 17:08:00"
"1630";"108";"553";"1";"9F04F97";"2018-08-11 17:08:00"
"1631";"312";"551";"1";"ACD1356";"2018-08-11 17:08:00"
"1632";"312";"495";"2";"ACD1356";"2018-08-11 17:08:00"
"1633";"312";"302";"1";"ACD1356";"2018-08-11 17:08:00"
"1634";"312";"509";"1";"ACD1356";"2018-08-11 17:08:00"
"1635";"312";"549";"2";"ACD1356";"2018-08-11 17:08:00"
"1636";"312";"436";"1";"ACD1356";"2018-08-11 17:08:00"
"1637";"312";"415";"1";"ACD1356";"2018-08-11 17:08:00"
"1638";"312";"181";"1";"ACD1356";"2018-08-11 17:08:00"
"1639";"312";"491";"1";"ACD1356";"2018-08-11 17:08:00"
"1640";"133";"18";"1";"D460338";"2018-08-11 18:08:00"
"1641";"133";"527";"1";"D460338";"2018-08-11 18:08:00"
"1642";"133";"193";"1";"D460338";"2018-08-11 18:08:00"
"1643";"133";"525";"1";"D460338";"2018-08-11 18:08:00"
"1644";"133";"318";"1";"D460338";"2018-08-11 18:08:00"
"1645";"51";"527";"1";"2147E0E";"2018-08-11 19:08:00"
"1646";"224";"497";"1";"024DF8D";"2018-08-11 19:08:00"
"1647";"224";"538";"1";"024DF8D";"2018-08-11 19:08:00"
"1648";"224";"500";"1";"024DF8D";"2018-08-11 19:08:00"
"1649";"224";"514";"1";"024DF8D";"2018-08-11 19:08:00"
"1650";"224";"537";"1";"024DF8D";"2018-08-11 19:08:00"
"1651";"224";"193";"1";"024DF8D";"2018-08-11 19:08:00"
"1652";"224";"437";"1";"024DF8D";"2018-08-11 19:08:00"
"1653";"224";"318";"1";"024DF8D";"2018-08-11 19:08:00"
"1654";"224";"320";"1";"024DF8D";"2018-08-11 19:08:00"
"1655";"224";"315";"1";"024DF8D";"2018-08-11 19:08:00"
"1656";"224";"554";"1";"024DF8D";"2018-08-11 19:08:00"
"1657";"224";"549";"3";"024DF8D";"2018-08-11 19:08:00"
"1658";"224";"491";"1";"024DF8D";"2018-08-11 19:08:00"
"1659";"224";"495";"1";"024DF8D";"2018-08-11 19:08:00"
"1660";"224";"545";"1";"024DF8D";"2018-08-11 19:08:00"
"1661";"224";"549";"1";"6A68FEF";"2018-08-11 19:08:00"
"1662";"224";"489";"1";"3081F97";"2018-08-11 19:08:00"
"1663";"312";"545";"1";"5E8BB7A";"2018-08-11 19:08:00"
"1664";"312";"549";"1";"5E8BB7A";"2018-08-11 19:08:00"
"1665";"474";"23";"1";"91966C8";"2018-08-11 20:08:00"
"1666";"474";"25";"2";"91966C8";"2018-08-11 20:08:00"
"1667";"474";"527";"1";"91966C8";"2018-08-11 20:08:00"
"1668";"475";"549";"1";"FC79CC8";"2018-08-11 20:08:00"
"1669";"477";"129";"1";"8E99DCA";"2018-08-14 14:08:00"
"1670";"477";"541";"1";"8E99DCA";"2018-08-14 14:08:00"
"1671";"477";"83";"1";"8E99DCA";"2018-08-14 14:08:00"
"1672";"184";"527";"3";"B2C09FA";"2018-08-14 16:08:00"
"1673";"184";"524";"1";"B2C09FA";"2018-08-14 16:08:00"
"1674";"184";"528";"1";"B2C09FA";"2018-08-14 16:08:00"
"1675";"184";"51";"1";"B2C09FA";"2018-08-14 16:08:00"
"1676";"184";"391";"1";"B2C09FA";"2018-08-14 16:08:00"
"1677";"476";"540";"1";"6BC719E";"2018-08-14 17:08:00"
"1678";"27";"551";"1";"4251B06";"2018-08-14 17:08:00"
"1679";"476";"318";"1";"A5ABED3";"2018-08-15 13:08:00"
"1680";"85";"515";"1";"86B2333";"2018-08-15 16:08:00"
"1681";"85";"193";"1";"86B2333";"2018-08-15 16:08:00"
"1682";"85";"502";"1";"86B2333";"2018-08-15 16:08:00"
"1683";"85";"550";"2";"86B2333";"2018-08-15 16:08:00"
"1684";"85";"538";"1";"86B2333";"2018-08-15 16:08:00"
"1685";"85";"302";"1";"86B2333";"2018-08-15 16:08:00"
"1686";"85";"6";"1";"86B2333";"2018-08-15 16:08:00"
"1687";"85";"61";"1";"86B2333";"2018-08-15 16:08:00"
"1688";"85";"509";"1";"86B2333";"2018-08-15 16:08:00"
"1689";"85";"500";"1";"86B2333";"2018-08-15 16:08:00"
"1690";"124";"3";"1";"9E722A0";"2018-08-15 17:08:00"
"1691";"124";"525";"1";"3317B18";"2018-08-20 15:08:00"
"1692";"346";"383";"1";"C733BF0";"2018-08-21 13:08:00"
"1693";"412";"550";"1";"5C8738D";"2018-08-21 15:08:00"
"1694";"412";"302";"1";"5C8738D";"2018-08-21 15:08:00"
"1695";"256";"254";"1";"26BCFBC";"2018-08-16 12:08:00"
"1696";"307";"518";"1";"0CD1527";"2018-08-16 12:08:00"
"1697";"307";"510";"1";"0CD1527";"2018-08-16 12:08:00"
"1698";"303";"527";"1";"2D5CFC3";"2018-08-16 12:08:00"
"1699";"303";"23";"1";"2D5CFC3";"2018-08-16 12:08:00"
"1700";"303";"25";"1";"2D5CFC3";"2018-08-16 12:08:00"
"1701";"181";"538";"1";"08A9236";"2018-08-16 12:08:00"
"1702";"303";"527";"1";"581F21B";"2018-08-16 13:08:00"
"1703";"303";"23";"1";"581F21B";"2018-08-16 13:08:00"
"1704";"303";"25";"1";"581F21B";"2018-08-16 13:08:00"
"1705";"32";"538";"1";"164B27E";"2018-08-17 13:08:00"
"1706";"32";"550";"1";"164B27E";"2018-08-17 13:08:00"
"1707";"32";"387";"1";"164B27E";"2018-08-17 13:08:00"
"1708";"27";"509";"1";"A48D5CC";"2018-08-17 13:08:00"
"1709";"27";"491";"1";"A48D5CC";"2018-08-17 13:08:00"
"1710";"345";"25";"1";"5C04E42";"2018-08-17 13:08:00"
"1711";"345";"23";"1";"5C04E42";"2018-08-17 13:08:00"
"1712";"30";"550";"1";"7415116";"2018-08-17 14:08:00"
"1713";"92";"551";"1";"4C6A143";"2018-08-17 14:08:00"
"1714";"92";"495";"1";"4C6A143";"2018-08-17 14:08:00"
"1715";"439";"550";"1";"E55E8A9";"2018-08-18 14:08:00"
"1716";"412";"495";"1";"FA2D50D";"2018-08-18 14:08:00"
"1717";"412";"527";"1";"FA2D50D";"2018-08-18 14:08:00"
"1718";"412";"528";"1";"FA2D50D";"2018-08-18 14:08:00"
"1719";"412";"553";"1";"FA2D50D";"2018-08-18 14:08:00"
"1720";"345";"538";"1";"B603480";"2018-08-24 15:08:00"
"1721";"345";"550";"1";"B603480";"2018-08-24 15:08:00"
"1722";"82";"524";"1";"47CBC2C";"2018-08-24 15:08:00"
"1723";"130";"538";"1";"F672FEE";"2018-08-24 15:08:00"
"1724";"51";"538";"1";"1DDAD71";"2018-08-24 16:08:00"
"1725";"51";"510";"1";"1DDAD71";"2018-08-24 16:08:00"
"1726";"160";"525";"1";"16A5C6E";"2018-08-24 16:08:00"
"1727";"113";"548";"1";"D02970E";"2018-08-24 16:08:00"
"1728";"113";"193";"1";"D02970E";"2018-08-24 16:08:00"
"1729";"128";"405";"3";"122CF15";"2018-03-27 16:08:00"
"1730";"128";"397";"1";"122CF15";"2018-03-27 16:08:00"
"1731";"198";"193";"1";"AEB7D9E";"2018-08-24 16:08:00"
"1732";"479";"543";"1";"8093068";"2018-08-24 16:08:00"
"1733";"198";"210";"1";"0EBD5C7";"2018-08-25 17:08:00"
"1734";"198";"193";"1";"0EBD5C7";"2018-08-25 17:08:00"
"1735";"198";"550";"1";"0EBD5C7";"2018-08-25 17:08:00"
"1736";"198";"538";"2";"992BE7C";"2018-08-27 16:08:00"
"1737";"480";"551";"1";"21845B1";"2018-08-28 13:08:00"
"1738";"226";"550";"2";"053BB57";"2018-08-28 15:08:00"
"1739";"465";"248";"1";"BBFBF67";"2018-08-29 13:08:00"
"1740";"465";"541";"1";"BBFBF67";"2018-08-29 13:08:00"
"1741";"465";"550";"1";"BBFBF67";"2018-08-29 13:08:00"
"1742";"465";"137";"1";"BBFBF67";"2018-08-29 13:08:00"
"1743";"465";"538";"1";"BBFBF67";"2018-08-29 13:08:00"
"1744";"11";"193";"1";"4B3FCE0";"2018-08-29 14:08:00"
"1745";"11";"427";"1";"4B3FCE0";"2018-08-29 14:08:00"
"1746";"11";"417";"1";"4B3FCE0";"2018-08-29 14:08:00"
"1747";"11";"528";"1";"4B3FCE0";"2018-08-29 14:08:00"
"1748";"11";"531";"1";"4B3FCE0";"2018-08-29 14:08:00"
"1749";"11";"339";"1";"4B3FCE0";"2018-08-29 14:08:00"
"1750";"11";"82";"1";"4B3FCE0";"2018-08-29 14:08:00"
"1751";"11";"517";"1";"4B3FCE0";"2018-08-29 14:08:00"
"1752";"164";"529";"1";"5C85AB4";"2018-08-29 14:08:00"
"1753";"164";"470";"1";"5C85AB4";"2018-08-29 14:08:00"
"1754";"280";"522";"1";"3BE2DDA";"2018-08-29 18:08:00"
"1755";"164";"246";"3";"A09BE26";"2018-08-30 17:08:00"
"1756";"310";"552";"1";"7A95FA2";"2018-08-31 13:08:00"
"1757";"481";"518";"2";"10A2FAF";"2018-08-31 18:08:00"
"1758";"481";"193";"1";"10A2FAF";"2018-08-31 18:08:00"
"1759";"51";"193";"1";"5E6EA88";"2018-09-01 12:09:00"
"1760";"86";"193";"1";"5CCF9B4";"2018-09-01 15:09:00"
"1761";"482";"512";"4";"9A7282E";"2018-09-03 11:09:00"
"1762";"482";"144";"3";"9A7282E";"2018-09-03 11:09:00"
"1763";"21";"518";"2";"68CE46C";"2018-09-03 19:09:00"
"1764";"21";"556";"1";"68CE46C";"2018-09-03 19:09:00"
"1765";"21";"526";"1";"68CE46C";"2018-09-03 19:09:00"
"1766";"483";"193";"2";"55B6285";"2018-09-04 13:09:00"
"1767";"483";"527";"2";"55B6285";"2018-09-04 13:09:00"
"1768";"23";"339";"1";"46BA7B7";"2018-09-04 18:09:00"
"1769";"23";"7";"1";"46BA7B7";"2018-09-04 18:09:00"
"1770";"484";"495";"1";"CB7A007";"2018-09-05 14:09:00"
"1771";"484";"549";"1";"CB7A007";"2018-09-05 14:09:00"
"1772";"484";"527";"4";"CB7A007";"2018-09-05 14:09:00"
"1773";"484";"18";"2";"CB7A007";"2018-09-05 14:09:00"
"1774";"484";"523";"1";"CB7A007";"2018-09-05 14:09:00"
"1775";"165";"23";"2";"B0C114E";"2018-09-05 17:09:00"
"1776";"485";"193";"1";"3D967F2";"2018-09-06 13:09:00"
"1777";"485";"140";"1";"3D967F2";"2018-09-06 13:09:00"
"1778";"486";"193";"2";"FDF22ED";"2018-09-08 09:09:00"
"1779";"486";"150";"1";"FDF22ED";"2018-09-08 09:09:00"
"1780";"486";"541";"1";"FDF22ED";"2018-09-08 09:09:00"
"1781";"486";"216";"1";"FDF22ED";"2018-09-08 09:09:00"
"1782";"486";"544";"1";"FDF22ED";"2018-09-08 09:09:00"
"1783";"486";"538";"1";"FDF22ED";"2018-09-08 09:09:00"
"1784";"486";"255";"1";"FDF22ED";"2018-09-08 09:09:00"
"1785";"259";"307";"4";"57DC7E9";"2018-09-08 10:09:00"
"1786";"298";"193";"1";"CADDBA2";"2018-09-08 11:09:00"
"1787";"298";"216";"1";"CADDBA2";"2018-09-08 11:09:00"
"1788";"472";"512";"1";"A383B9E";"2018-09-08 11:09:00"
"1789";"472";"193";"1";"A383B9E";"2018-09-08 11:09:00"
"1790";"472";"550";"1";"A383B9E";"2018-09-08 11:09:00"
"1791";"130";"512";"1";"26F6BC5";"2018-09-08 13:09:00"
"1792";"130";"512";"1";"DD682F9";"2018-09-08 13:09:00"
"1793";"472";"390";"1";"8207B01";"2018-09-08 18:09:00"
"1794";"487";"193";"4";"D028893";"2018-09-10 17:09:00"
"1795";"488";"25";"2";"985C2A9";"2018-09-12 16:09:00"
"1796";"488";"525";"1";"985C2A9";"2018-09-12 16:09:00"
"1797";"488";"74";"1";"985C2A9";"2018-09-12 16:09:00"
"1798";"488";"44";"1";"985C2A9";"2018-09-12 16:09:00"
"1799";"165";"527";"2";"CDBC4AB";"2018-09-13 14:09:00"
"1800";"398";"550";"1";"68669D4";"2018-09-13 17:09:00"
"1801";"352";"550";"1";"4213960";"2018-09-14 14:09:00"
"1802";"316";"18";"1";"A60EBAC";"2018-09-14 16:09:00"
"1803";"106";"383";"1";"6B3D5E0";"2018-09-15 17:09:00"
"1804";"394";"263";"1";"9415BA3";"2018-09-17 18:09:00"
"1805";"396";"527";"1";"F2F69C1";"2018-09-21 14:09:00"
"1806";"102";"193";"1";"758D836";"2018-09-21 14:09:00"
"1807";"349";"550";"2";"DD6B34B";"2018-09-21 14:09:00"
"1808";"349";"558";"1";"DD6B34B";"2018-09-21 14:09:00"
"1809";"160";"246";"1";"EDD484C";"2018-09-21 14:09:00"
"1810";"133";"266";"1";"D09C300";"2018-09-21 14:09:00"
"1811";"281";"392";"1";"65D792C";"2018-09-21 14:09:00"
"1812";"303";"525";"1";"B0B0DD2";"2018-09-21 16:09:00"
"1813";"303";"193";"2";"B0B0DD2";"2018-09-21 16:09:00"
"1814";"372";"527";"1";"B1B669B";"2018-09-21 16:09:00"
"1815";"197";"547";"3";"FB1F01B";"2018-09-21 17:09:00"
"1816";"11";"512";"8";"4E407BF";"2018-09-21 17:09:00"
"1817";"320";"14";"1";"2D9EE40";"2018-09-21 18:09:00"
"1818";"320";"542";"1";"2D9EE40";"2018-09-21 18:09:00"
"1819";"320";"512";"4";"2D9EE40";"2018-09-21 18:09:00"
"1820";"320";"543";"1";"2D9EE40";"2018-09-21 18:09:00"
"1821";"320";"120";"1";"2D9EE40";"2018-09-21 18:09:00"
"1822";"320";"118";"1";"2D9EE40";"2018-09-21 18:09:00"
"1823";"407";"193";"1";"6B5F67E";"2018-09-21 18:09:00"
"1824";"407";"557";"1";"6B5F67E";"2018-09-21 18:09:00"
"1825";"407";"555";"1";"6B5F67E";"2018-09-21 18:09:00"
"1826";"160";"193";"1";"0F76411";"2018-09-22 12:09:00"
"1827";"472";"109";"2";"BE3281E";"2018-09-22 15:09:00"
"1828";"472";"99";"1";"BE3281E";"2018-09-22 15:09:00"
"1829";"316";"140";"1";"FD3611B";"2018-09-22 15:09:00"
"1830";"316";"193";"1";"FD3611B";"2018-09-22 15:09:00"
"1831";"281";"1";"1";"C8BFDC2";"2018-09-24 14:09:00"
"1832";"281";"64";"1";"C8BFDC2";"2018-09-24 14:09:00"
"1833";"281";"10";"1";"C8BFDC2";"2018-09-24 14:09:00"
"1834";"300";"555";"1";"8B347D2";"2018-09-25 15:09:00"
"1835";"300";"334";"1";"8B347D2";"2018-09-25 15:09:00"
"1836";"300";"470";"1";"8B347D2";"2018-09-25 15:09:00"
"1837";"300";"437";"1";"8B347D2";"2018-09-25 15:09:00"
"1838";"300";"527";"1";"287183F";"2018-09-25 15:09:00"
"1839";"489";"117";"1";"AED22B8";"2018-09-26 14:09:00"
"1840";"354";"165";"1";"EADADD8";"2018-09-27 16:09:00"
"1841";"482";"512";"1";"C6CCD45";"2018-09-29 11:09:00"
"1842";"482";"193";"1";"C6CCD45";"2018-09-29 11:09:00"
"1843";"30";"532";"1";"53EDDB0";"2018-09-29 11:09:00"
"1844";"30";"386";"1";"53EDDB0";"2018-09-29 11:09:00"
"1845";"30";"193";"1";"53EDDB0";"2018-09-29 11:09:00"
"1846";"304";"193";"2";"698BD67";"2018-09-29 12:09:00"
"1847";"304";"419";"1";"698BD67";"2018-09-29 12:09:00"
"1848";"304";"512";"1";"698BD67";"2018-09-29 12:09:00"
"1850";"320";"549";"1";"857C5B0";"2018-10-03 17:10:00"
"1851";"320";"561";"1";"857C5B0";"2018-10-03 17:10:00"
"1853";"320";"549";"1";"5CBE4BE";"2018-10-03 17:10:00"
"1854";"99";"542";"1";"F76E2C8";"2018-10-03 18:10:00"
"1855";"99";"518";"1";"F76E2C8";"2018-10-03 18:10:00"
"1856";"165";"550";"1";"0E7A95D";"2018-10-03 18:10:00"
"1857";"165";"129";"1";"0E7A95D";"2018-10-03 18:10:00"
"1858";"165";"556";"1";"0E7A95D";"2018-10-03 18:10:00"
"1859";"165";"193";"7";"0E7A95D";"2018-10-03 18:10:00"
"1860";"165";"548";"1";"0E7A95D";"2018-10-03 18:10:00"
"1861";"102";"107";"1";"BF90544";"2018-10-04 16:10:00"
"1862";"133";"193";"3";"0A6A5EF";"2018-10-04 16:10:00"
"1864";"129";"557";"1";"5EE67AD";"2018-10-05 15:10:00"
"1865";"129";"568";"1";"5EE67AD";"2018-10-05 15:10:00"
"1866";"129";"550";"1";"5EE67AD";"2018-10-05 15:10:00"
"1867";"129";"193";"1";"5EE67AD";"2018-10-05 15:10:00"
"1868";"129";"58";"1";"5EE67AD";"2018-10-05 15:10:00"
"1869";"129";"527";"1";"5EE67AD";"2018-10-05 15:10:00"
"1870";"129";"561";"1";"5EE67AD";"2018-10-05 15:10:00"
"1871";"129";"491";"1";"5EE67AD";"2018-10-05 15:10:00"
"1872";"129";"488";"1";"5EE67AD";"2018-10-05 15:10:00"
"1873";"129";"83";"2";"5EE67AD";"2018-10-05 15:10:00"
"1874";"129";"393";"1";"5EE67AD";"2018-10-05 15:10:00"
"1875";"33";"566";"1";"16E1624";"2018-10-05 18:10:00"
"1876";"33";"568";"1";"16E1624";"2018-10-05 18:10:00"
"1877";"33";"512";"2";"16E1624";"2018-10-05 18:10:00"
"1878";"33";"388";"1";"16E1624";"2018-10-05 18:10:00"
"1879";"346";"566";"1";"76D7C8E";"2018-10-05 18:10:00"
"1880";"346";"538";"1";"76D7C8E";"2018-10-05 18:10:00"
"1881";"346";"193";"1";"39D9969";"2018-10-06 10:10:00"
"1882";"49";"193";"1";"CFF87D8";"2018-10-06 10:10:00"
